Id,SalePrice,Prediction,AbsLogError,GrLivArea,TotalSF,OverallQual,Neighborhood,YearBuilt,GarageArea
1299,160000.0,620816.75,1.3558574953851412,5642,11752,10,Edwards,2008,1418
524,184750.0,650477.0,1.258698504708736,4676,7814,10,Edwards,2007,884
31,40000.0,93933.9140625,0.853697685056062,1317,1966,4,IDOTRR,1920,250
633,82500.0,181190.59375,0.786744585945268,1411,2797,7,NWAmes,1977,544
463,62383.0,126341.984375,0.7056914747258993,864,1728,5,Sawyer,1965,360
1325,147000.0,296278.9375,0.7008653527192781,1795,3590,8,Somerst,2006,895
496,34900.0,67996.21875,0.666951321511343,720,1440,4,IDOTRR,1920,0
689,392000.0,222313.5625,0.5671710636609557,1419,2838,8,StoneBr,2007,567
917,35311.0,61465.58203125,0.5542707960071134,480,960,2,IDOTRR,1949,308
971,135000.0,78821.359375,0.5380854807898299,1192,1912,4,NAmes,1949,0
89,85000.0,49906.20703125,0.5324975993144871,1526,2026,3,IDOTRR,1915,0
1433,64500.0,103516.5859375,0.47306078315404143,968,1624,4,OldTown,1927,216
1424,274970.0,172545.015625,0.46600167941599224,2201,2898,6,Edwards,1966,432
1183,745000.0,470716.15625,0.4591281645429053,4476,6872,10,NoRidge,1996,813
813,55993.0,88452.8203125,0.4572360693102713,1044,1584,5,IDOTRR,1952,504
411,60000.0,94684.6484375,0.45620121230717103,1276,2552,5,Edwards,1958,350
682,159434.0,101910.140625,0.4475350524019355,1520,2313,5,SWISU,1932,281
1454,84500.0,131942.578125,0.44561102414891884,1140,2280,5,Mitchel,2006,0
589,143000.0,217803.515625,0.4207463199386403,1473,2910,5,ClearCr,1968,452
969,37900.0,57309.859375,0.413512626688183,968,1568,3,OldTown,1910,0
489,160000.0,106547.03125,0.4065841840811082,2414,3368,5,OldTown,1900,520
582,253293.0,377877.53125,0.40002192867765807,2042,4084,8,NridgHt,2008,1390
667,129000.0,187812.84375,0.3756311231764169,2380,3401,6,NAmes,1965,596
692,755000.0,519477.46875,0.3738937101731121,4316,6760,10,NoRidge,1994,832
770,538000.0,376924.46875,0.35581294661580287,3279,4929,8,StoneBr,2003,841
1123,112000.0,78931.40625,0.3499159306974793,960,1632,4,Edwards,1956,288
67,180000.0,254858.390625,0.34774957733234224,2207,4154,7,NAmes,1970,576
314,375000.0,264917.09375,0.3475079946111048,2036,4172,7,Timber,1965,513
534,39300.0,55271.59375,0.34102722961353216,334,334,1,BrkSide,1946,0
590,79500.0,111404.78125,0.3374096222686571,935,1521,5,BrkSide,1930,308
715,130500.0,182588.71875,0.33586077224254574,1479,2204,6,Sawyer,1976,475
432,79900.0,111268.3359375,0.3311653437851163,1198,2099,6,OldTown,1920,0
659,97500.0,135117.65625,0.3262906932248075,1458,2370,6,NAmes,1948,330
1063,90000.0,124676.3203125,0.3259081807676676,2337,2999,5,OldTown,1900,560
711,52000.0,71615.2421875,0.3200589452692757,729,999,3,BrkSide,1935,0
1329,256000.0,186335.640625,0.31762641706330186,2792,4302,6,OldTown,1920,520
14,279500.0,203920.34375,0.3152715207661778,1494,2988,7,CollgCr,2006,840
775,395000.0,288256.78125,0.31503314296248774,1973,3908,8,NridgHt,2006,895
1350,122000.0,167102.734375,0.3145855420754806,2358,2837,8,OldTown,1872,0
875,66500.0,90358.328125,0.3065772708937935,1131,1807,5,OldTown,1941,200
739,179000.0,131829.25,0.30587628226754404,1200,2400,5,Edwards,1987,0
455,188000.0,138735.140625,0.3038734217146608,1728,3456,5,Mitchel,1976,560
198,235000.0,318152.75,0.3029449870480576,3112,4080,8,NAmes,1918,795
561,121500.0,164403.8125,0.30240926210857744,1392,2784,5,Sawyer,1957,528
665,423000.0,312784.71875,0.30185619165087196,2097,4174,8,Somerst,2005,1134
309,82500.0,111505.4375,0.30127191018026167,861,1722,4,Edwards,1940,539
823,225000.0,166952.6875,0.29838839304191644,1733,2580,7,Gilbert,2003,433
1213,113000.0,83896.3203125,0.29780299433196866,672,1344,4,Edwards,1941,234
219,311500.0,231357.046875,0.2974360514907861,1954,2752,7,Crawfor,1939,431
750,98000.0,72852.4453125,0.29652785793768643,1529,1529,4,Edwards,1945,240
480,89471.0,119768.359375,0.2916421609802988,1131,2038,4,OldTown,1937,672
804,582933.0,438061.59375,0.285712164123785,2822,4556,9,NridgHt,2008,1020
1023,87000.0,115457.203125,0.2829889739212845,1248,2160,5,OldTown,1930,160
1047,556581.0,420951.5625,0.2792943601801152,2868,4860,9,StoneBr,2005,716
1212,164000.0,216568.21875,0.27803768806741225,1752,2311,8,Gilbert,1988,492
717,159500.0,210612.3125,0.2779736181550554,2554,3272,7,OldTown,1890,704
1346,108500.0,82337.1796875,0.27592448069915676,960,1920,4,OldTown,1920,308
305,295000.0,387409.0625,0.2725049789160021,3493,4963,7,OldTown,1880,870
614,147000.0,111976.4609375,0.27214178006286893,1120,2240,5,Mitchel,2007,0
773,107000.0,140271.234375,0.27074688549310544,1117,2146,6,Edwards,1976,672
98,94750.0,124070.2109375,0.26960328452585713,960,1920,4,Edwards,1965,432
458,256000.0,195539.765625,0.2694124732127765,1663,3027,4,ClearCr,1954,529
186,475000.0,363278.5625,0.26814422681183103,3608,4143,10,OldTown,1892,840
1014,85000.0,110758.8828125,0.2647016191443292,1022,2044,5,OldTown,1910,280
218,107000.0,82212.03125,0.2635243596933101,1328,2014,4,OldTown,1925,210
143,166000.0,128301.7421875,0.2576011677953005,1385,2295,5,NAmes,1952,720
629,135000.0,174638.71875,0.2574429159661946,2080,3120,5,NAmes,1969,504
608,225000.0,174098.09375,0.25648020522015,2008,2904,5,Edwards,1948,230
1182,392500.0,304071.0625,0.2552743639776942,1652,3252,8,Crawfor,2008,482
452,280000.0,217766.75,0.25136404668161383,1533,3066,7,ClearCr,1975,576
677,87000.0,111720.3515625,0.2500882259291384,1774,2869,4,OldTown,1900,779
262,276000.0,353352.3125,0.2470639527517342,2574,4056,8,CollgCr,2007,868
973,99500.0,126995.8828125,0.24399484700859908,918,1836,6,SawyerW,1979,264
319,260000.0,331698.78125,0.24354480930935374,2646,3993,7,NoRidge,1993,656
1050,84900.0,108045.578125,0.2410765412744258,930,930,4,Edwards,1946,308
865,250580.0,196919.921875,0.24097998520224984,1372,2744,7,Somerst,2007,529
497,430000.0,338133.59375,0.24034351168544532,3228,6428,8,NoRidge,1992,546
278,141000.0,111137.046875,0.23799388841011648,864,1728,4,Gilbert,1951,400
663,110000.0,138567.078125,0.23087228701024465,1392,2784,6,NAmes,1968,576
729,110000.0,138459.546875,0.23009596827855816,1776,3360,5,NAmes,1958,888
1153,230000.0,182821.5,0.2295679199549916,1811,2884,6,Crawfor,1956,470
1128,259000.0,205970.421875,0.22909449229222467,1530,3060,7,Gilbert,2004,630
1280,68400.0,85982.1015625,0.2287633390821604,1128,1826,4,IDOTRR,1920,528
329,214500.0,170708.578125,0.2283506612686086,2134,2978,6,BrkSide,1916,441
1416,175900.0,220905.8125,0.22781961292135122,1569,2955,7,Blmngtn,2007,660
224,97000.0,121410.46875,0.2244640571925487,864,1728,4,NAmes,1971,576
239,318000.0,255873.9375,0.21736572770779006,1694,3388,8,NridgHt,2007,818
1214,145000.0,116722.0859375,0.21693629627694122,960,1608,4,Sawyer,1965,364
560,234000.0,189627.734375,0.21025725790409844,1557,2931,7,Blmngtn,2003,420
670,137500.0,112012.875,0.2050084422567675,1180,1880,4,Crawfor,1922,252
138,171000.0,209818.234375,0.20457696689689087,1959,3866,7,Mitchel,1988,766
274,139000.0,170422.125,0.20380318793191243,1632,2872,6,NAmes,1958,338
1066,328000.0,267643.15625,0.20335833411022897,2260,3566,7,ClearCr,1996,533
440,110000.0,134740.359375,0.20286762769630684,1196,1880,6,Edwards,1920,528
349,154000.0,188498.84375,0.20213808207621575,1626,2390,7,NridgHt,2003,474
4,140000.0,171330.46875,0.2019505285047991,1717,2473,7,Crawfor,1915,642
508,208300.0,170369.3125,0.2010097722246389,1218,2436,6,Somerst,2009,676
956,145000.0,176710.125,0.19777569821414787,1958,2937,6,Crawfor,1946,492
913,88000.0,107243.40625,0.19776222222078488,1015,1783,5,BrkSide,1925,450
18,90000.0,109651.5546875,0.19749599177645294,1296,1296,4,Sawyer,1967,516
47,239686.0,291942.15625,0.19722520743097682,2149,3583,7,Mitchel,2003,670
1379,83000.0,101072.328125,0.19699361853829167,987,1470,6,BrDale,1973,264
57,172500.0,210031.234375,0.19685798240575636,1739,2709,8,Somerst,1999,480
1384,112000.0,136240.40625,0.19592055833298438,1416,2232,5,Sawyer,1918,576
1203,117000.0,141730.75,0.19175370475396214,1348,2232,5,BrkSide,1925,216
117,139000.0,114895.1484375,0.19045246405306848,1092,2184,5,Sawyer,1962,288
638,93000.0,112497.625,0.19033075356394136,1387,2198,5,OldTown,1954,256
154,235000.0,194686.609375,0.18819349867488633,1252,2854,6,ClearCr,1960,564
844,141000.0,116869.0078125,0.18770470975875675,1800,3600,5,NAmes,1961,0
941,150900.0,181930.984375,0.18700891234662365,1728,3456,6,Mitchel,1976,574
933,320000.0,265789.375,0.18561618660256585,1905,3810,9,Somerst,2006,788
1360,315000.0,379048.75,0.1850916495347299,1980,3960,9,NridgHt,2004,770
1049,115000.0,138379.421875,0.1850657487587295,1771,1771,5,Mitchel,1960,336
1144,80000.0,96200.6875,0.18440776450209384,1006,2012,5,Sawyer,1959,0
521,106250.0,88360.4140625,0.18436883767758339,1294,1294,4,OldTown,1900,0
558,108000.0,89826.40625,0.18425036550055118,1336,1973,4,IDOTRR,1920,570
899,611657.0,509166.59375,0.18339607962127147,2364,4694,9,NridgHt,2009,820
745,180000.0,216015.828125,0.18239390620527196,1337,2674,8,StoneBr,1993,462
800,175000.0,145838.734375,0.1822833791694638,1768,2499,5,SWISU,1937,240
71,244000.0,292180.84375,0.18020403736140267,2223,4446,7,NAmes,1973,516
1245,230000.0,192122.84375,0.17994347311648617,1517,2309,8,Crawfor,1929,400
837,153500.0,128326.2109375,0.17912374416287058,1559,3118,5,OldTown,1948,812
93,163500.0,136839.0,0.1780067464171502,964,1840,5,Crawfor,1921,432
885,100000.0,119337.71875,0.17678563996615182,892,1784,5,NAmes,1967,288
1029,105000.0,125179.21875,0.17578457505695688,1376,2144,5,NAmes,1941,240
1027,167500.0,140573.75,0.17524994562996987,1264,2532,5,NAmes,1960,461
1184,120000.0,142971.703125,0.17515364872019923,1130,2250,5,OldTown,1920,720
366,147000.0,123438.9140625,0.1746848776104546,1344,2016,5,IDOTRR,1920,468
896,140000.0,166634.234375,0.17415763277710816,1796,2576,6,NAmes,1963,483
1164,108959.0,129635.609375,0.1737543813724507,1258,2456,4,Sawyer,1969,400
897,106500.0,89549.4453125,0.17335227350183224,951,1902,4,IDOTRR,1936,327
679,372500.0,313224.40625,0.173316643258012,2046,4092,8,StoneBr,2008,834
658,149000.0,177138.859375,0.17298656918517707,1502,2278,7,Crawfor,1931,270
490,86000.0,102174.84375,0.17233636321423695,630,1260,4,MeadowV,1970,286
457,98000.0,82522.9375,0.17188927993016634,1344,1968,5,OldTown,1916,513
226,112000.0,94345.5546875,0.1715330449745487,1302,1932,5,BrDale,1971,280
333,284000.0,337013.5625,0.1711483823031461,1629,4835,8,NridgHt,2003,880
1146,149000.0,125682.1015625,0.17018934543915343,1576,2618,5,BrkSide,1928,225
336,228950.0,193167.671875,0.16994425208550012,1786,3285,5,Timber,1965,529
478,380000.0,450236.46875,0.16960126761270544,2643,4796,9,NridgHt,2006,694
331,119000.0,140949.359375,0.16927587078230744,1728,3456,5,NAmes,1964,352
1179,154900.0,130818.6875,0.16896625942816712,1343,2074,5,Crawfor,1921,186
5,250000.0,295903.09375,0.1685704763666589,2198,3343,8,NoRidge,2000,836
681,143000.0,120990.203125,0.1671337817348686,923,1846,6,SawyerW,1980,264
1073,91500.0,108113.609375,0.16684196118490924,1456,2266,5,Edwards,1948,280
39,109000.0,128742.6171875,0.16646590657324722,1057,2114,5,NAmes,1953,246
419,126000.0,106719.7109375,0.16607459957458737,1134,1890,5,Edwards,1940,240
236,89500.0,75832.234375,0.16571315362575945,987,1470,6,BrDale,1971,264
304,149900.0,127021.078125,0.16561416134687867,894,1788,5,CollgCr,1972,552
547,210000.0,177973.15625,0.16547394246657987,1635,2700,6,BrkSide,1923,440
1046,139600.0,118356.6328125,0.1650775261887798,1733,1733,3,Edwards,1955,452
287,159000.0,187371.3125,0.16418712191600804,1734,2646,6,NAmes,1962,440
886,328900.0,279177.09375,0.16390688659900476,1709,3407,9,Somerst,1999,506
1363,104900.0,123580.0234375,0.1638799529319961,1738,2453,4,NAmes,1920,368
113,383970.0,326084.15625,0.16340846615587346,2696,3960,7,CollgCr,2007,792
1169,235000.0,199889.96875,0.1618177078079146,2108,3235,6,Edwards,1935,540
693,335000.0,285039.0,0.16150399559765738,2519,3729,7,Timber,1989,628
744,175000.0,148914.0,0.16141601482590673,1464,1984,5,Sawyer,1963,480
297,152000.0,129400.796875,0.16096483159605235,1558,2468,5,IDOTRR,1950,282
1356,170000.0,199667.046875,0.16085190260015025,1920,2490,7,NWAmes,1968,487
530,200624.0,235568.546875,0.16056869179246824,2515,4550,6,Crawfor,1957,484
772,102000.0,119730.2109375,0.1602667044219377,1220,2056,4,Edwards,1951,396
327,324000.0,276132.78125,0.1598611392524667,1719,3438,8,Veenker,1993,473
132,244000.0,208038.328125,0.15944518429300558,2054,3046,6,Gilbert,2000,390
376,61000.0,71517.5703125,0.15906688314614037,904,1587,1,Edwards,1922,0
536,107500.0,125879.546875,0.15783326675205167,1347,2464,5,Edwards,1910,0
1093,136500.0,159803.0625,0.15761651480652894,1694,2875,6,SWISU,1925,576
321,342643.0,401136.875,0.1576131888422534,2596,3845,9,NridgHt,2006,840
260,97000.0,113546.28125,0.15749803733950252,882,882,5,OldTown,1956,308
889,268000.0,313552.875,0.1569804835410089,2217,4434,8,NAmes,1970,621
1323,190000.0,222239.796875,0.15673212934572334,1923,2673,7,NoRidge,1992,564
708,254000.0,217207.984375,0.15647825228858636,1324,2648,8,NridgHt,2006,550
746,299800.0,350354.8125,0.1558303240112533,2715,3857,8,NWAmes,1976,831
1057,185850.0,217155.375,0.15567243872469483,1364,2728,7,NridgHt,2005,484
155,125000.0,107008.84375,0.1554009093763682,1200,2400,6,OldTown,1923,312
94,133900.0,156401.03125,0.15532909462970856,2291,3505,6,OldTown,1910,506
107,100000.0,85690.4296875,0.1544273689814979,1047,1688,4,OldTown,1885,273
1031,160000.0,137258.546875,0.1533064289559256,1928,2614,5,SWISU,1916,0
446,127500.0,148508.09375,0.1525219860365823,1689,3125,6,Edwards,1956,480
243,79000.0,91966.421875,0.15197389366816694,1440,1980,5,OldTown,1900,352
1387,250000.0,290823.375,0.15125464478756356,2784,4176,7,NWAmes,1978,564
1081,145000.0,168651.0625,0.15109715195367635,1258,2516,6,NWAmes,1971,528
474,440000.0,378376.96875,0.1508833862736978,1976,3952,8,NridgHt,2006,908
1271,260000.0,223590.59375,0.15086433162352186,1524,2856,7,ClearCr,1979,586
209,277000.0,238381.28125,0.15014550747583932,2062,3219,7,SawyerW,1988,454
550,263000.0,226335.203125,0.15013631614980305,2094,3006,7,Somerst,2003,615
173,239000.0,205717.1875,0.14996052567442497,1767,2831,7,StoneBr,1987,504
1394,163000.0,140347.359375,0.14962872254388415,1912,2394,6,OldTown,1905,672
119,320000.0,371530.5,0.1493095311606094,3222,4895,7,SawyerW,1990,594
1248,169900.0,146408.140625,0.14881087893446754,1034,2046,6,Mitchel,1976,888
378,340000.0,293014.0625,0.14872454323679385,2466,4046,8,Somerst,2004,610
1240,265900.0,229386.34375,0.14771202697946606,1484,2960,8,Timber,2006,472
1219,80500.0,69471.5078125,0.14733850343889188,912,912,4,BrkSide,1947,0
1291,180500.0,155869.296875,0.14671208679258285,1152,2304,5,NAmes,1964,484
323,301000.0,260213.890625,0.1456057949481515,2730,4232,7,SawyerW,1986,576
1263,161500.0,139846.34375,0.14395990869094888,1788,2892,4,ClearCr,1957,304
1099,128000.0,110994.265625,0.14255052801341606,1324,1996,4,BrkSide,1936,240
308,89500.0,103209.8203125,0.14252389713788993,1406,1725,6,IDOTRR,1920,0
1345,155835.0,179670.0,0.14232322847475665,1456,2184,7,CollgCr,2006,440
176,243000.0,211117.078125,0.140647969639911,2158,3360,6,Edwards,1950,576
1326,55000.0,63280.8671875,0.14024746289440593,796,1592,4,IDOTRR,1922,0
998,185000.0,160889.40625,0.13963780379227408,1442,2884,6,NWAmes,1970,615
859,152000.0,132265.609375,0.1390674461822119,1370,2460,7,NWAmes,1976,479
1064,110500.0,126950.9609375,0.13878418387484537,1103,2206,6,OldTown,1925,440
179,501837.0,437018.0,0.13830068603526868,2234,4450,9,StoneBr,2008,1166
49,113000.0,98436.59375,0.13797388683025424,1452,2188,4,OldTown,1920,0
672,103600.0,118830.1796875,0.13715684548671803,1369,2041,6,Edwards,1925,300
1381,58500.0,67047.953125,0.1363791481487464,864,1728,3,Edwards,1914,200
1228,147000.0,128306.5078125,0.13600960193273437,912,1824,5,NAmes,1965,576
1045,278000.0,318455.375,0.1358607846517934,2524,5048,8,NWAmes,1981,542
108,115000.0,100457.78125,0.13519331742351426,789,1578,5,OldTown,1948,250
441,555000.0,484866.03125,0.1350952245696373,2402,5496,10,NridgHt,2008,672
1452,287090.0,250849.734375,0.1349411602009578,1578,3151,8,Somerst,2008,840
974,182000.0,208278.53125,0.13486889614882358,1428,2856,7,Somerst,2007,480
280,192000.0,219693.78125,0.13473864477817976,2022,3182,7,ClearCr,1977,505
427,275000.0,240373.546875,0.13457641519183206,1644,3162,7,SawyerW,1989,569
810,106000.0,121231.25,0.1342595993188649,2138,2987,5,OldTown,1898,360
1404,282922.0,247410.671875,0.13412113881747523,1464,2949,8,Somerst,2007,754
1108,274725.0,240374.46875,0.13357208334495674,2021,2889,7,Gilbert,2006,422
1224,137900.0,120683.546875,0.13335594570217246,2136,4272,5,NAmes,1951,528
730,103000.0,90149.171875,0.13326184072821334,1208,1628,4,IDOTRR,1925,539
1443,310000.0,354043.125,0.13284602897821074,2007,3024,10,Somerst,2008,812
421,206300.0,180666.21875,0.1326794987965254,1344,2688,7,Mitchel,1997,784
931,201000.0,229341.9375,0.13190854385099193,1466,2932,8,Timber,2007,610
914,145000.0,165428.9375,0.13180712786703452,2002,3003,5,Crawfor,1949,871
398,169500.0,148596.640625,0.13161657170581975,1812,2676,5,NAmes,1962,264
20,139000.0,121885.546875,0.1313904589295536,1339,2368,5,NAmes,1958,294
46,319900.0,280589.34375,0.131115818716518,1752,3504,9,NridgHt,2005,576
180,100000.0,113935.375,0.1304599926177037,968,1936,5,OldTown,1923,480
1265,181000.0,158879.15625,0.13035237236943686,1337,2742,6,NAmes,1998,511
215,161750.0,142000.390625,0.1302212650550043,1392,2081,6,CollgCr,1977,299
510,124500.0,141804.984375,0.130146068133147,1041,2082,5,NAmes,1959,270
140,231500.0,203309.828125,0.12984821215023246,1764,2692,6,CollgCr,1997,470
1087,83500.0,95044.7265625,0.12949950020117917,1092,1638,4,MeadowV,1973,286
348,157500.0,179270.859375,0.12947161368610693,1478,2956,6,NAmes,1960,498
1409,125500.0,110279.5234375,0.1292863940823743,1363,1985,4,OldTown,1910,528
1230,127000.0,144497.90625,0.12907697787635009,1507,2582,5,NAmes,1960,404
882,187500.0,213215.71875,0.1285249286395409,1717,2873,7,Timber,1990,400
334,207000.0,182155.125,0.12785947515003926,1358,2716,7,NridgHt,2004,484
79,136500.0,120127.890625,0.12776668570217709,1768,3536,4,Sawyer,1968,0
240,113000.0,128301.984375,0.12699786403227975,1487,2222,6,Edwards,1945,220
1341,123000.0,108377.1640625,0.1265658552444151,872,1730,4,NAmes,1971,480
1279,237000.0,268730.40625,0.12564803046638318,2031,3159,8,CollgCr,2002,577
555,284000.0,250643.375,0.12494265747577948,2046,3044,7,NridgHt,2003,871
1032,197000.0,223205.828125,0.12489001712987857,3082,3509,7,SWISU,1920,672
1062,81000.0,91774.109375,0.1248796208803018,894,1788,3,IDOTRR,1935,1248
780,135000.0,152893.5625,0.12446636402513178,1004,1979,6,Mitchel,1977,504
1438,394617.0,348450.8125,0.12441825888351055,1932,3864,8,NridgHt,2008,774
381,127000.0,143811.34375,0.12431432086751748,1691,2717,5,SWISU,1924,308
1412,140000.0,158465.734375,0.12389512808872638,1668,2524,6,NAmes,1950,271
242,110500.0,97688.4375,0.12323112905237288,866,1552,5,OldTown,1945,0
991,348000.0,307677.09375,0.12315126707260937,2392,3788,8,NoRidge,1997,870
1069,151400.0,171220.375,0.12302536388464702,2521,3463,6,MeadowV,1973,576
1347,262500.0,296860.4375,0.12301059798659075,2156,3724,7,NWAmes,1968,508
967,160000.0,141485.765625,0.1229738816570709,1308,2036,5,Crawfor,1940,256
1382,237500.0,210033.25,0.1229012213351659,2117,3322,6,NAmes,1970,550
618,105500.0,119290.609375,0.12285056294041397,832,1664,6,NAmes,1954,528
245,205000.0,231725.359375,0.1225423328980213,2110,3058,7,SawyerW,1994,463
8,200000.0,226062.953125,0.12249557113510967,2090,3197,7,NWAmes,1973,484
1028,293077.0,331170.625,0.1221979603386174,1646,3284,8,Timber,2007,800
1400,137450.0,155297.890625,0.12208409673940857,1608,2584,6,SWISU,1925,216
272,241500.0,213787.859375,0.12188472433161834,1363,2748,7,ClearCr,1954,439
1343,228500.0,258093.125,0.12178375727804358,2169,3453,8,CollgCr,2002,647
23,230000.0,203857.34375,0.12065829748071799,1795,3572,8,CollgCr,2002,534
1060,220000.0,194998.03125,0.12063750119388672,1991,2845,6,Crawfor,1932,432
431,85400.0,96325.8125,0.12038889651397078,987,1470,6,BrDale,1971,264
712,102776.0,91138.8828125,0.12016609254166966,1178,2037,4,IDOTRR,1900,384
402,164990.0,186049.21875,0.12012570359276786,1310,2620,7,CollgCr,2005,400
1140,144000.0,127763.390625,0.11963237448565245,1167,2082,5,BrkSide,1920,495
1010,102000.0,114961.8984375,0.11962683686909514,1522,2016,5,SWISU,1926,0
265,73000.0,82260.8125,0.11943385667011697,764,1444,5,OldTown,1925,504
1132,93500.0,105350.9140625,0.11933417726518769,974,1948,5,Mitchel,1991,0
539,158000.0,140245.546875,0.11919943923328447,1159,2210,5,Sawyer,1968,336
1056,180000.0,159877.15625,0.11855040474027057,1523,2716,6,NWAmes,1976,478
945,137500.0,154777.734375,0.11836538707288469,1344,2163,6,Timber,1958,525
575,139000.0,123506.3828125,0.11818019320983097,1109,1481,5,NAmes,1971,288
861,189950.0,168871.875,0.11761993123353598,1426,2338,7,Crawfor,1918,216
382,187750.0,211174.46875,0.11757277647232556,1301,2594,7,Somerst,2006,572
706,55000.0,61860.4140625,0.11754525918724035,1092,1092,4,IDOTRR,1930,0
276,205000.0,182274.328125,0.1174965213198309,1548,2500,7,BrkSide,1925,672
919,238000.0,267595.6875,0.1172060742840646,2127,3231,7,SawyerW,1991,833
207,143900.0,128005.8515625,0.11704177282041783,1696,2836,5,Sawyer,1962,349
1143,424870.0,377968.34375,0.11697250229804546,2828,4294,8,CollgCr,2006,1052
1021,176000.0,156593.859375,0.11682772029100086,1132,2264,4,Edwards,2005,451
852,215000.0,191295.71875,0.11681695535899728,1456,2729,8,Blmngtn,2003,400
159,254900.0,226830.25,0.11666888552345966,1947,2938,7,Somerst,2004,678
809,159950.0,142399.09375,0.11622686099531876,1086,2110,5,NAmes,1966,484
1316,206900.0,184273.5,0.11581392425697068,2112,3064,6,NAmes,1969,576
1006,149900.0,133552.390625,0.11547374853538805,985,1970,5,CollgCr,1977,328
459,161000.0,143476.953125,0.11522918950853978,1666,2254,8,OldTown,1925,228
936,79900.0,89656.0078125,0.11520299722989868,747,1347,4,BrkSide,1926,528
1258,99900.0,89043.421875,0.11504432821131516,864,1728,5,Edwards,1922,0
787,139000.0,123905.1484375,0.11495671575266364,1652,2338,5,OldTown,1915,416
41,160000.0,142664.15625,0.11467974538936154,1324,2412,6,NAmes,1965,440
1305,130000.0,145782.265625,0.11457889401900445,1708,2684,7,Edwards,2004,380
559,175000.0,196202.328125,0.11435982171498082,1446,2175,7,Gilbert,1996,406
1079,155900.0,139077.453125,0.11418300552939442,848,1696,6,CollgCr,2004,420
632,209500.0,234806.171875,0.11403611947940995,1554,3108,8,NridgHt,2006,627
1457,210000.0,187380.25,0.11396698117403581,2073,3615,6,NWAmes,1978,500
372,134432.0,119976.6484375,0.11376047125227373,1588,1588,4,ClearCr,1959,680
1000,206000.0,183911.125,0.11342296113786077,1208,2395,7,CollgCr,2006,632
377,148000.0,132170.90625,0.11311563511916489,914,1784,5,CollgCr,1996,576
1453,145000.0,129511.9140625,0.11296004029053464,1072,1619,5,Edwards,2005,525
748,265979.0,237579.90625,0.11291289462631049,2640,3880,7,OldTown,1880,864
1422,127500.0,142733.5625,0.11286249137549298,1069,2138,6,NPkVill,1977,440
121,180000.0,160796.140625,0.11281883202640941,988,1926,6,ClearCr,1969,540
1200,148000.0,132245.796875,0.11254918027979421,1382,2433,4,Sawyer,1963,459
1380,167500.0,149676.0,0.11250968238946157,1394,1778,5,Timber,2006,400
894,165000.0,147474.703125,0.11228809685325558,1383,2766,5,Sawyer,1954,354
212,186000.0,166253.109375,0.11223465276724554,1212,2424,6,Edwards,2009,460
450,120000.0,107268.1640625,0.11215884833751844,1183,1832,3,OldTown,1948,308
315,178000.0,159207.375,0.11157528944331752,1641,2369,7,OldTown,1925,546
866,148500.0,132823.046875,0.11156639571077243,1002,2004,5,NAmes,1970,902
259,231500.0,207129.46875,0.11123531463501557,1792,2755,7,CollgCr,2001,564
648,155000.0,138698.375,0.11112274732903948,1094,2188,6,Edwards,1953,495
1288,190000.0,170040.125,0.11098901574549558,1582,3206,5,ClearCr,1964,390
871,109500.0,98009.5390625,0.11085866729245986,894,1788,5,NAmes,1962,308
639,85000.0,94938.1015625,0.11057262873779194,796,1592,5,Edwards,1910,0
926,175000.0,156720.09375,0.11032393557382392,1126,2252,5,NWAmes,1977,540
1004,136905.0,152833.0625,0.11005821506399727,1680,3360,5,NWAmes,1976,528
1180,93000.0,103781.6953125,0.10968899922458242,1124,1124,5,Edwards,1954,0
520,234000.0,261126.484375,0.10968334510021727,2080,3356,7,Crawfor,1926,282
492,133000.0,148404.171875,0.10958953404522376,1578,2384,6,NAmes,1941,240
160,320000.0,286855.71875,0.1093412674948322,2462,3854,7,Gilbert,2005,576
753,217000.0,194538.5,0.10926673455229974,1494,2973,6,CollgCr,1997,576
637,60000.0,53792.5625,0.1092074248753363,800,1064,2,BrkSide,1936,0
77,135750.0,121707.1328125,0.1091965007831881,952,1904,4,NAmes,1956,283
1116,318000.0,285121.09375,0.10913703977456812,1734,3468,8,NridgHt,2007,928
400,241000.0,216095.359375,0.1090766664345697,1550,2642,7,Somerst,2006,438
1427,271000.0,243021.53125,0.10896835067417321,2127,3350,7,NoRidge,1994,525
598,194201.0,174171.171875,0.10885455094238594,1402,2660,7,Blmngtn,2006,648
1351,200000.0,179402.546875,0.10868464634262232,2634,3882,5,NAmes,1969,968
564,185000.0,165948.171875,0.10867968252348348,1674,2837,6,Edwards,1918,396
760,290000.0,323231.96875,0.10848895746515552,2531,3849,8,NoRidge,1995,752
946,124900.0,139194.359375,0.10835698601672128,1869,2837,5,OldTown,1890,456
631,124000.0,111328.734375,0.10779325227560754,1750,2386,5,OldTown,1880,240
975,167500.0,186555.40625,0.10774431834032683,2019,2747,7,BrkSide,1910,532
716,165000.0,148146.953125,0.10774007679769504,1350,2414,6,NWAmes,1974,478
92,98600.0,109796.4765625,0.10755614313975315,1235,2470,5,NAmes,1961,480
1141,139000.0,124868.734375,0.10721005843692666,952,1904,5,NAmes,1951,840
1156,218000.0,195850.875,0.10714101621521088,1437,2874,5,Veenker,1976,528
1177,119500.0,132990.609375,0.10696129928825471,923,1799,5,Mitchel,1984,264
1124,118000.0,106030.171875,0.10695997383287725,698,1396,5,Edwards,1947,0
943,150000.0,134800.640625,0.10683759152795247,1440,2880,4,Edwards,1977,0
1311,335000.0,301188.15625,0.10639502344360885,1902,3804,7,Crawfor,1959,567
1289,278000.0,250004.53125,0.10614166818897885,1659,3160,8,StoneBr,2000,499
626,160000.0,143896.265625,0.10608045341256123,1116,2232,6,NAmes,1962,440
1252,171750.0,190967.265625,0.10606151218040871,1405,2810,7,NridgHt,2003,478
849,240000.0,215872.28125,0.10595151534826996,2358,3265,6,ClearCr,1908,360
127,128000.0,142286.15625,0.10580916637598214,958,2036,6,NPkVill,1976,440
65,219500.0,243941.75,0.10557677830196255,2034,3091,7,CollgCr,1997,645
964,239000.0,265474.25,0.10505387997454818,1800,3600,9,CollgCr,2007,702
1276,137000.0,152166.96875,0.10499674321383878,1920,2848,5,NAmes,1948,400
802,109900.0,122029.5390625,0.10469137304356124,1196,2392,4,IDOTRR,1916,440
1448,240000.0,266477.4375,0.1046502403888212,2090,3310,8,CollgCr,1995,556
992,168000.0,186534.234375,0.10465021373616779,1742,2658,8,OldTown,1882,424
856,127000.0,140997.890625,0.10455706199607562,1040,2080,5,Sawyer,1962,260
961,116500.0,129307.6640625,0.1043024343169403,858,1716,5,BrkSide,1958,0
1186,104900.0,116422.03125,0.10421333045226966,1221,2005,5,Edwards,1924,392
541,315000.0,349543.5,0.10405506489463079,1838,3676,9,Timber,2006,765
1168,173000.0,191839.78125,0.10336838884710531,1671,2630,6,Gilbert,2000,472
82,153500.0,170202.53125,0.10328788190985527,1337,2574,6,Mitchel,1998,405
1246,178000.0,197342.34375,0.1031559051382569,1868,2453,6,NWAmes,1984,477
1268,378500.0,341502.0,0.10286225113661907,2018,4020,9,Timber,2008,746
1395,246578.0,222497.671875,0.10276129646587506,1500,2856,7,Blmngtn,2006,648
151,122000.0,135179.125,0.10257890694380656,969,1938,5,CollgCr,1975,440
569,316600.0,285822.9375,0.10226628789003911,2132,3628,8,SawyerW,1983,612
1370,232000.0,256973.171875,0.10223389930219895,1668,3325,8,CollgCr,2003,502
75,107400.0,97012.640625,0.10171789940176801,1605,2445,3,OldTown,1915,379
758,158900.0,143594.265625,0.10128267990368123,1386,2058,6,Sawyer,1978,440
1405,105000.0,94887.7734375,0.10126447417090567,1214,1886,3,OldTown,1915,936
232,403000.0,364207.90625,0.10121142205531442,2794,4256,8,NoRidge,1995,810
1287,143000.0,158218.078125,0.10112901979482913,1328,2656,6,NWAmes,1963,528
1127,174000.0,192419.71875,0.10062317192026526,1555,2928,7,Blmngtn,2007,660
863,152000.0,137470.90625,0.10046752172299911,1097,2137,6,SawyerW,1984,480
1017,203000.0,224444.71875,0.10042298550389539,1504,3008,7,CollgCr,1996,478
1339,200000.0,221118.0625,0.10037893425547573,1861,2777,7,CollgCr,2002,492
355,140000.0,154773.890625,0.10032217729313508,1595,2535,6,SWISU,1940,240
525,315750.0,285629.75,0.10025403555126822,2398,3777,7,NoRidge,1996,834
125,181000.0,163738.96875,0.10022294301550794,1586,2948,6,NWAmes,1979,435
61,158000.0,174630.046875,0.10007408263053819,1158,2316,6,SawyerW,2004,576
1187,95000.0,104991.4375,0.10000090589323207,1699,2677,3,OldTown,1900,420
843,174900.0,158257.921875,0.09998766176898322,1165,2292,6,NAmes,1966,490
545,179665.0,198435.421875,0.09936918434252284,1496,2150,7,Gilbert,2006,426
351,318061.0,288099.59375,0.09893662932502956,1869,3738,9,NridgHt,2007,617
170,228000.0,251681.71875,0.09881922674970589,1707,3393,8,Timber,1981,511
538,111250.0,122795.3671875,0.09873852234177427,864,1728,4,NAmes,1972,576
1101,60000.0,54359.796875,0.0987179803580478,438,728,2,SWISU,1920,246
599,217500.0,197059.875,0.09869075706284924,1647,3077,5,Crawfor,1977,621
1406,275000.0,303412.65625,0.09832234258981565,1646,3240,8,Crawfor,2004,482
762,100000.0,110315.8125,0.09817615390981338,1301,2446,5,BrkSide,1924,440
394,100000.0,90654.21875,0.09811668006891239,788,1576,4,BrkSide,1941,0
435,81000.0,89340.96875,0.09800985200767087,630,1260,4,MeadowV,1972,0
1220,91500.0,100894.15625,0.09773201957281863,1218,1890,6,BrDale,1971,0
960,155000.0,170833.65625,0.0972645977055695,1416,2112,7,Somerst,1999,484
1120,133700.0,121366.484375,0.09678295951747629,1040,2080,5,NAmes,1959,286
1264,180500.0,163929.890625,0.09629137754099837,1824,2588,6,BrkSide,1919,520
1001,82000.0,74482.2421875,0.09615727930900775,944,944,3,Edwards,1952,528
1294,162900.0,179325.578125,0.09606594801166679,1664,2496,7,NWAmes,1976,528
364,118000.0,107233.796875,0.09567230532521442,987,1470,6,BrDale,1972,264
347,151500.0,137725.609375,0.0953215968733474,958,1916,6,NAmes,1960,301
1440,197000.0,179100.484375,0.09525620786730116,1725,2264,7,NWAmes,1979,550
808,223500.0,203226.28125,0.0950909235039532,1576,2900,5,BrkSide,1923,528
208,141000.0,128229.8125,0.094935119829886,1100,2200,4,NAmes,1960,312
816,224900.0,204688.984375,0.09416374221552282,1661,3310,7,CollgCr,1998,598
793,269790.0,245558.828125,0.09410696854598832,2013,3130,7,NoRidge,1996,455
379,394432.0,359076.71875,0.09391043880061645,1856,3712,9,StoneBr,2010,834
167,190000.0,172971.234375,0.09389824862963891,1867,3484,5,ClearCr,1955,303
1386,125500.0,114263.2265625,0.09380018331061457,1154,1950,4,IDOTRR,1922,240
149,141000.0,154855.84375,0.09373411888712369,1080,2160,7,SawyerW,2004,0
228,106000.0,96557.0390625,0.0933042594159037,987,1470,6,BrDale,1970,280
1232,132500.0,145369.390625,0.09269471097577231,1190,2296,5,NAmes,1962,540
6,143000.0,156886.6875,0.09267855986729501,1362,2158,5,Mitchel,1993,480
72,129500.0,118068.5859375,0.09241444112848995,845,1690,4,Mitchel,1982,360
1145,80000.0,72938.09375,0.09241437388796747,924,1596,4,Edwards,1941,280
56,180500.0,164584.21875,0.09230783474598603,1425,2850,6,NAmes,1964,576
291,233230.0,255733.90625,0.0921120067486747,1919,2998,8,CollgCr,2006,685
699,138500.0,126329.09375,0.0919792728722495,894,1788,5,Sawyer,1965,336
765,270000.0,246316.171875,0.0918056406526837,1494,2988,8,Veenker,1995,481
950,197500.0,180199.21875,0.09167508851702877,1381,2542,6,NWAmes,1972,676
1344,177000.0,161535.28125,0.09142561314030218,1913,2809,6,Crawfor,1928,342
414,115000.0,104962.1015625,0.09133194927082933,1028,2036,5,OldTown,1927,360
587,130000.0,118659.9765625,0.09127165201543264,838,1654,6,BrkSide,1918,275
388,125000.0,136942.921875,0.09124977538012402,1125,2166,6,Edwards,1976,352
413,222000.0,243107.53125,0.09082608792256153,1478,2948,7,Somerst,2009,484
96,185000.0,168939.203125,0.09081640582054717,1470,2150,6,Gilbert,1993,420
1008,88000.0,80362.8046875,0.0907842936852088,1092,1638,4,MeadowV,1970,286
1389,377500.0,344812.5625,0.0905693452794818,1746,3492,9,Gilbert,2006,758
152,372402.0,340183.59375,0.09048820814931702,1710,3420,8,NridgHt,2007,866
602,141000.0,128818.640625,0.090353691182127,1375,2155,6,IDOTRR,1937,544
1385,105000.0,114928.8984375,0.09035248976850951,1258,1818,6,Edwards,1939,280
320,187500.0,205201.078125,0.09021106183057093,1472,2844,7,NWAmes,1980,588
227,290000.0,265010.0625,0.09011280085250561,2520,3723,7,NoRidge,1995,721
1303,290000.0,317286.75,0.08992471959691173,2526,3691,8,NoRidge,1994,844
768,160000.0,175037.21875,0.0898242777221121,1750,2733,6,Mitchel,1940,423
1317,295493.0,270127.1875,0.08975191722150555,1630,3252,8,CollgCr,2008,860
22,139400.0,127436.53125,0.08972837834895309,1108,1745,7,IDOTRR,1930,280
1194,165000.0,150913.96875,0.08923497714637918,1224,2448,6,Mitchel,1999,402
1039,97000.0,106041.6953125,0.08912051125396303,1344,1890,4,MeadowV,1970,0
532,128000.0,139927.84375,0.0890959580842825,1362,1973,6,BrkSide,1920,502
737,93500.0,85534.078125,0.08904556915198114,1040,1040,3,NAmes,1950,400
1320,111000.0,121322.625,0.08892235175033392,948,1812,4,Edwards,1954,248
1216,125000.0,114415.015625,0.08848067140120186,894,1788,5,Sawyer,1966,384
447,190000.0,207557.5625,0.08838419346279736,1888,3405,6,NAmes,1966,578
938,253000.0,231638.53125,0.08821102254756674,1971,3084,7,Somerst,2005,689
806,227680.0,208470.3125,0.08814408461676493,1428,2845,7,Somerst,2008,554
363,198500.0,181777.84375,0.08800333393828552,1922,1922,7,Edwards,2003,672
200,274900.0,300165.03125,0.08792472621513348,1713,3426,8,NridgHt,2004,856
731,236500.0,258138.171875,0.08754642910301769,1616,3211,8,StoneBr,1995,608
695,141500.0,129657.125,0.08740560545157194,1539,2466,5,BrkSide,1936,576
1088,252000.0,275015.84375,0.08739929003334801,1953,3035,8,Somerst,2005,1043
352,190000.0,207303.953125,0.08716157736357744,1453,2906,7,ClearCr,1986,445
627,139900.0,128225.53125,0.0871365545056868,1422,2400,5,NAmes,1960,286
932,117500.0,128183.8359375,0.08702640888524371,925,1850,5,NAmes,1965,429
645,370878.0,340050.28125,0.08677943041503688,1766,3532,9,Somerst,2009,478
190,286000.0,262245.28125,0.08671124031296173,1593,3186,8,StoneBr,2001,682
178,172500.0,158194.546875,0.08657112732286087,1920,2972,5,Sawyer,1958,451
1195,158000.0,144912.875,0.08646176168492659,1352,2015,6,Sawyer,1969,299
130,150000.0,137578.328125,0.08644127817707137,1053,2061,5,NAmes,1958,750
344,266000.0,289913.71875,0.08608673828350533,1684,3368,9,NridgHt,2005,564
473,148000.0,135820.859375,0.08587486091199814,1072,1619,6,Edwards,2005,525
621,67000.0,61507.09765625,0.08553870930055751,864,1728,3,Edwards,1914,0
970,140000.0,128551.2265625,0.0853143112839394,1095,1683,6,NAmes,1958,264
443,162900.0,149608.9375,0.08511116385134976,1573,2651,5,BrkSide,1930,360
1158,230000.0,211246.171875,0.08505477816612661,1314,2628,7,NridgHt,2007,626
350,437154.0,475939.71875,0.08500548275134356,2728,4576,9,NridgHt,2005,706
203,112000.0,121915.078125,0.08482512398437514,1310,1927,6,OldTown,1924,398
551,140000.0,128659.7734375,0.08447028799239575,1069,2138,6,NPkVill,1977,440
683,173000.0,188247.875,0.08446751573863587,1291,2582,6,ClearCr,1996,431
241,262500.0,285450.03125,0.08381560357227258,1566,3132,8,Somerst,2008,750
189,153337.0,141019.140625,0.0837419136451345,1224,2310,5,SawyerW,1979,528
1237,175500.0,161419.46875,0.0836321730881231,1626,2390,7,NridgHt,2003,474
437,116000.0,106693.859375,0.08362583291542158,1118,1766,6,OldTown,1920,440
109,115000.0,125027.3359375,0.08359957513495608,1517,2310,5,IDOTRR,1919,0
416,181134.0,196899.265625,0.08345472507241603,1340,2680,7,Gilbert,2007,396
182,200100.0,184085.734375,0.083415210062455,1802,2595,7,Crawfor,1920,216
563,108000.0,117387.1953125,0.08334586499694119,996,1992,5,Edwards,1940,0
1378,117000.0,127163.4921875,0.08329898069744068,1604,2588,5,Edwards,1941,660
238,194500.0,211392.890625,0.08328586898715784,1744,2740,7,SawyerW,1993,457
1033,310000.0,336899.15625,0.08321109091943235,2520,3858,8,NoRidge,1993,796
115,259500.0,238806.328125,0.08310348782484311,2320,3348,6,Crawfor,1945,180
1286,132500.0,121945.3125,0.08300930616522884,1412,2192,6,BrkSide,1939,280
864,132500.0,143956.9375,0.08293096364423036,1148,2296,5,NAmes,1959,672
1447,157900.0,145364.53125,0.08271677892221696,1188,2376,5,Mitchel,1962,312
511,164900.0,151889.3125,0.08218666177076983,1363,2371,5,NAmes,1951,288
1094,146000.0,158504.125,0.08217345617950045,1200,2064,5,NAmes,1965,884
1026,112500.0,122123.2578125,0.08207692257324162,882,1764,5,CollgCr,1972,461
9,129900.0,119666.171875,0.08205830026841632,1774,2726,7,OldTown,1931,468
1104,159500.0,146941.640625,0.0820078809966791,1194,1849,6,NAmes,1959,539
460,110000.0,119394.40625,0.08195126994009883,1203,1912,5,BrkSide,1950,352
102,178000.0,164008.546875,0.08186452947148481,1732,2473,6,SawyerW,1985,476
666,230500.0,250149.296875,0.0818067238993514,1936,3342,8,Gilbert,2000,504
983,159895.0,173501.40625,0.08166786427458206,1266,2532,7,Blmngtn,2007,388
766,264132.0,286519.6875,0.0813579770602324,1506,3004,9,Somerst,2008,592
482,374000.0,344846.09375,0.08115735894316778,1792,3584,9,NridgHt,2003,874
842,157500.0,145234.6875,0.08107395358011438,1539,2189,5,OldTown,1904,686
294,235000.0,254771.875,0.08078269253295112,2263,3058,7,NWAmes,1977,539
993,187000.0,202713.515625,0.08068469783159493,1851,2673,6,NAmes,1964,440
174,163000.0,150380.8125,0.08057885908044682,1362,2724,6,NAmes,1961,504
1383,157000.0,144845.875,0.0805750248142516,1762,2358,7,OldTown,1920,576
403,108000.0,99685.4140625,0.08011108683771084,672,1344,5,Sawyer,1940,240
1257,301500.0,326514.21875,0.07970322651059547,1987,3973,8,NoRidge,1994,691
893,154500.0,142711.921875,0.07936549569261864,1068,2127,6,Sawyer,1963,264
1162,224000.0,206921.765625,0.07930490541207114,1640,2936,6,Crawfor,1954,924
790,187500.0,202964.609375,0.07925237401457252,2087,2919,6,ClearCr,1966,444
851,131500.0,142343.96875,0.07923901272579492,848,1696,6,CollgCr,2003,420
163,220000.0,238131.5625,0.07919541211028225,1541,3082,7,NridgHt,2005,532
444,172500.0,186709.546875,0.0791565064244466,1258,2516,7,Blmngtn,2006,648
184,200000.0,216443.09375,0.07900992007787266,2082,3444,7,OldTown,2003,484
1338,52500.0,56806.84375,0.07884219334789933,693,1386,4,OldTown,1941,0
375,219500.0,202939.4375,0.07844426365529245,1928,2775,7,CollgCr,2003,434
1421,179900.0,166351.125,0.07829992293071975,1416,2124,6,NWAmes,1968,776
759,179400.0,165903.546875,0.07821091960065552,1501,2245,7,Somerst,1999,440
28,306000.0,283178.125,0.07750872197632575,1704,3408,8,NridgHt,2007,772
675,140000.0,151282.71875,0.07750744050824565,1136,2272,6,NAmes,1965,384
63,202500.0,218780.296875,0.07732776162654886,1370,2740,8,NridgHt,2006,484
858,174000.0,161052.578125,0.07732395331500364,1481,2183,6,Gilbert,1994,343
1253,130000.0,120338.640625,0.07722405927633957,874,1738,5,Mitchel,1968,288
654,135000.0,124996.8203125,0.07698588616813495,1469,2225,6,IDOTRR,1906,216
1413,90000.0,97192.015625,0.0768780717951234,1040,1040,4,NAmes,1949,420
1349,215000.0,232145.625,0.07672649706640122,1494,2976,7,SawyerW,1998,514
1222,134000.0,124116.484375,0.07661869091934292,1211,2163,5,Sawyer,1968,322
288,88000.0,94998.5078125,0.07652353261606315,858,1716,4,NAmes,1971,0
204,149000.0,138070.171875,0.07618372689774056,848,1696,6,CollgCr,2004,420
410,339750.0,314845.21875,0.07612867119213007,2078,3112,8,Somerst,2007,836
330,78000.0,84161.8125,0.07603151979937905,1192,1788,5,IDOTRR,1920,189
891,122900.0,113918.09375,0.07589066074732465,924,1596,5,NAmes,1949,576
168,325624.0,351183.09375,0.07556415708300968,2161,3743,8,NridgHt,2007,789
428,109008.0,117532.9296875,0.07529660757012202,907,1814,4,NAmes,1957,352
247,137000.0,147701.734375,0.07521347732758699,1928,2948,6,OldTown,1910,440
801,200000.0,215592.265625,0.07507123650590053,1688,2304,6,ClearCr,1997,603
1098,170000.0,157722.28125,0.07496220631948702,1088,2162,8,StoneBr,1986,461
1302,177500.0,164708.421875,0.07479340087088815,1494,2265,6,Crawfor,1942,213
1281,227000.0,210705.53125,0.07448810456406108,1573,3146,7,CollgCr,2002,544
568,214000.0,198668.90625,0.07433600301632559,1535,3052,7,NridgHt,2004,532
922,145900.0,157143.34375,0.07423646039882748,2200,3472,5,Edwards,1900,0
553,255500.0,275188.75,0.07423453619559339,1717,3426,8,NridgHt,2006,908
714,129000.0,119780.921875,0.07414738452110647,960,1920,4,BrkSide,1970,576
701,312500.0,290270.875,0.07378968536947639,1800,3600,8,Timber,2002,765
857,147000.0,158160.609375,0.07317796494720774,1026,1966,6,CollgCr,1978,576
916,75000.0,80678.953125,0.07298868530607727,1092,1638,4,MeadowV,1970,286
721,275000.0,255666.84375,0.07289561735851713,1742,3484,8,StoneBr,1985,564
624,168500.0,181217.734375,0.07276309436204009,1512,2268,6,Somerst,2000,440
194,130000.0,139752.75,0.07233980257298889,1709,2679,7,Edwards,2004,380
1142,197500.0,183738.453125,0.07222490913306068,1868,2648,5,NWAmes,1976,484
298,239000.0,222367.21875,0.07213308516207029,1950,2925,7,Somerst,1997,576
322,354000.0,329431.8125,0.0719273122734343,2468,3604,8,NridgHt,2004,872
250,277000.0,257783.90625,0.07189557579130579,2144,3588,6,ClearCr,1958,389
1173,171900.0,159976.75,0.0718839866438028,1250,1875,7,Somerst,2006,625
1175,239000.0,222436.359375,0.07182220495302083,2345,3297,6,Crawfor,1932,360
1115,117000.0,125711.8359375,0.07181774426532428,833,1666,5,OldTown,1954,326
384,76000.0,70759.421875,0.07144666676585842,784,1568,6,SawyerW,1928,360
540,272000.0,253326.921875,0.07112095939544716,1601,3182,8,CollgCr,2001,670
1331,227000.0,243690.625,0.07094917125879263,1588,3176,8,Somerst,2006,825
818,271000.0,290919.34375,0.07092698597216263,1689,3257,8,Mitchel,2002,857
519,211000.0,196553.296875,0.07092415968679155,1796,2590,6,CollgCr,1998,546
1038,287000.0,267354.90625,0.07090494709619577,2263,3318,8,CollgCr,2001,905
925,207500.0,193311.234375,0.0708294825623863,1686,3372,6,NWAmes,1980,612
741,132000.0,122974.5546875,0.07082390507276415,1432,1696,5,OldTown,1910,360
1090,197000.0,211452.359375,0.07079564625066581,1247,2494,8,Somerst,2005,550
1376,239000.0,256528.75,0.07077690626743482,1571,3142,8,Timber,2007,722
290,153575.0,143107.984375,0.07058909002130598,1396,2094,6,BrkSide,1915,384
529,86000.0,92253.5859375,0.07019306965177208,605,1133,4,Edwards,1920,0
500,120000.0,128721.3828125,0.0701579380270676,912,1824,5,NAmes,1958,297
99,83000.0,77378.5859375,0.0701296576861381,835,1293,5,Edwards,1920,366
902,153000.0,142644.84375,0.07007951608093599,1306,2298,5,NAmes,1957,756
1201,116050.0,108209.5390625,0.06995098445467818,864,1728,4,NAmes,1970,280
1042,173000.0,161340.671875,0.06977307293938395,1632,2432,6,NWAmes,1966,484
1367,193000.0,206935.765625,0.06971789628575209,1790,2663,7,CollgCr,1999,588
774,114500.0,122757.78125,0.06963774521353017,912,1824,5,NAmes,1958,275
514,134000.0,143636.171875,0.06944321757502614,1080,2164,6,Mitchel,1983,484
763,215200.0,200766.875,0.06942308515814233,1547,2303,7,Somerst,2009,614
911,154300.0,143960.5,0.06935933751197787,2274,3379,5,NAmes,1960,480
578,164500.0,153486.5625,0.06929711152847418,1320,2484,5,Sawyer,1966,564
1076,219500.0,204887.21875,0.06889223228148467,1740,2540,7,Crawfor,1940,240
311,165600.0,177405.296875,0.06886128401475666,1501,2198,6,Gilbert,1993,420
579,146000.0,156374.328125,0.06864559610626841,1392,2081,7,Somerst,2007,540
1353,134900.0,125972.984375,0.06846576366601376,1176,1874,6,BrkSide,1937,624
850,187000.0,174626.390625,0.06845945690034583,1855,2383,6,Veenker,1976,512
1058,248000.0,231591.046875,0.06845537322366901,1850,2823,7,NoRidge,1994,467
1266,183900.0,171734.859375,0.06843997422597958,1452,2143,7,Somerst,1999,506
584,325000.0,303521.46875,0.0683726193635632,2775,4012,10,OldTown,1893,880
1218,229456.0,245692.578125,0.06836949401678538,1314,2614,8,Somerst,2009,552
1223,143000.0,153092.0,0.06819395662542682,1846,2886,6,NAmes,1949,315
1012,100000.0,107040.6875,0.06803817545208624,1664,1664,5,Edwards,1965,0
1239,142500.0,133137.1875,0.06796142463760901,1141,2282,6,SawyerW,2005,484
1431,192140.0,179538.625,0.06783354185109225,1838,2570,5,Gilbert,2005,372
789,107900.0,115457.5390625,0.0676973562994192,901,1802,4,OldTown,1954,281
1130,140000.0,130850.0,0.06759029415542805,936,1872,5,OldTown,1980,672
40,82000.0,87733.5859375,0.06758474577240214,1152,1152,4,Edwards,1955,0
704,140000.0,149784.8125,0.06755679154412775,1812,2172,5,OldTown,1900,672
29,207500.0,193955.15625,0.06750402412581913,1600,3084,5,NAmes,1957,319
104,198900.0,185923.109375,0.06746863715948237,1226,2452,7,CollgCr,2009,740
1155,201800.0,215877.4375,0.06743339659832515,1820,2684,7,NAmes,1965,492
1295,115000.0,123015.84375,0.06738046307614098,864,1728,5,Edwards,1955,572
1411,230000.0,215056.71875,0.06717720533859328,1840,2784,7,CollgCr,2001,622
1109,181000.0,169356.515625,0.06649059858922257,1690,2614,6,Gilbert,2000,463
1318,208900.0,195471.890625,0.06643875259999454,1352,2704,7,Somerst,2006,466
826,385000.0,411440.28125,0.06642038383760607,2084,4162,10,NridgHt,2007,1220
135,180000.0,168441.453125,0.06636823945139625,1721,3182,5,Sawyer,1968,440
1390,131000.0,139984.578125,0.06633444715040149,1218,1953,6,BrkSide,1941,440
784,165500.0,154889.21875,0.06626063724366915,1110,2207,5,Mitchel,1978,602
1372,165500.0,176833.1875,0.06623526262805512,1661,2653,6,NAmes,1955,377
451,110000.0,102952.75,0.06620959840052976,813,1626,6,OldTown,1930,270
487,156000.0,146017.28125,0.06613058957459295,1073,2146,5,NAmes,1965,515
1020,213490.0,199833.359375,0.06610585694005522,1506,2868,7,Blmngtn,2005,440
1368,127000.0,135676.5,0.06608578572295087,1475,2232,5,MeadowV,1977,336
124,153900.0,164408.203125,0.06604892258481065,1199,2398,6,SawyerW,1993,530
25,154000.0,144173.328125,0.06593591654367437,1060,2120,5,Sawyer,1968,270
60,124900.0,116948.0546875,0.06578301355539651,780,1560,5,CollgCr,1972,352
244,120000.0,128151.6953125,0.0657224089897106,1217,1843,6,SawyerW,1980,288
707,302000.0,282888.75,0.06537308286059229,1824,3467,7,ClearCr,1971,739
822,93000.0,87121.921875,0.0652902292112163,936,1872,4,OldTown,1953,576
373,125000.0,117120.2734375,0.06511181418693468,752,1496,6,SawyerW,1984,264
70,225000.0,240119.0,0.06503395174465432,2287,3591,7,ClearCr,1953,667
847,213000.0,199596.21875,0.06499543087203996,1775,2515,7,SawyerW,1993,425
1052,200141.0,187550.453125,0.06497389018551125,1316,2632,7,CollgCr,2007,440
1399,138000.0,129341.328125,0.06479833561265558,1904,3112,5,NAmes,1950,240
1165,194000.0,181849.984375,0.06467572915566677,1432,2792,5,Veenker,1978,588
141,115000.0,107825.8125,0.06441447193973104,864,1728,4,NAmes,1971,0
105,169500.0,158928.09375,0.06440067501157998,1818,2858,7,IDOTRR,1931,240
1188,262000.0,279375.25,0.06421111908304944,1624,3248,8,NoRidge,1994,757
1450,92000.0,86287.109375,0.06410764040363581,630,1260,5,MeadowV,1970,0
764,337000.0,316083.84375,0.06407522727811354,2365,3617,8,NoRidge,1999,856
1148,174500.0,185993.515625,0.06378671510629985,1564,2268,7,Crawfor,1941,234
1078,138800.0,130230.1484375,0.06373031618437608,1096,2192,5,NAmes,1969,299
1321,156500.0,166756.484375,0.06347816786043126,1478,2956,6,NAmes,1957,442
1374,466500.0,437816.4375,0.06345814978127429,2633,5266,10,NoRidge,2001,804
955,127500.0,135849.09375,0.06342781826651489,980,1925,6,Edwards,1975,0
30,68500.0,72983.7421875,0.06340206447061547,520,1040,4,BrkSide,1927,240
1229,367294.0,391311.28125,0.06334057460680675,1702,3404,9,NridgHt,2008,1052
845,153900.0,144463.875,0.06327314013043761,1416,2292,5,OldTown,1915,720
193,192000.0,204508.5,0.0631138488240417,1431,2862,7,CollgCr,1999,666
690,194700.0,182803.546875,0.06304751626546157,1362,2724,6,NridgHt,2005,460
12,345000.0,367410.78125,0.06293592323774178,2324,3499,9,NridgHt,2005,736
959,185000.0,197008.015625,0.06288826181560836,1337,2674,7,CollgCr,2003,531
1084,160000.0,150249.21875,0.06287803589321683,1251,2502,6,NAmes,1964,461
201,140000.0,131480.328125,0.06278471534972319,1121,2242,4,Edwards,2003,440
660,167000.0,156846.0,0.06272899252303965,1486,2972,5,Edwards,1964,480
285,179200.0,190799.234375,0.062718906511531,1575,3150,6,SawyerW,1992,529
1241,224900.0,211230.453125,0.062705838851004,1768,2652,7,CollgCr,2003,543
650,84500.0,79366.265625,0.06267735709233335,630,1260,4,MeadowV,1970,0
1445,179600.0,191208.171875,0.06263024574297837,1422,2844,7,CollgCr,2004,626
269,120500.0,113184.53125,0.0626297098642361,778,1518,5,IDOTRR,1940,924
7,307000.0,288363.1875,0.0626267837016119,1694,3380,8,Somerst,2004,636
533,107500.0,100988.7890625,0.06248073651064878,827,827,5,NAmes,1955,392
263,151000.0,160728.984375,0.062439382058775195,1212,1718,6,Sawyer,1977,492
615,75500.0,80348.3984375,0.06223870417851529,630,1260,4,MeadowV,1972,0
1459,142125.0,133549.453125,0.06223465563154207,1078,2156,5,NAmes,1950,240
915,173733.0,163252.328125,0.062222239248148625,1224,1836,6,Somerst,2009,528
116,176000.0,165385.5625,0.062204139993511376,1458,2187,6,Somerst,1999,440
872,200500.0,188412.046875,0.06218262359195492,1682,2486,6,CollgCr,1998,523
1362,260000.0,244329.640625,0.06216308463854148,1530,3060,7,StoneBr,2005,430
73,185000.0,196846.5,0.06206808681457865,1718,2550,7,Gilbert,1998,427
698,123500.0,131395.96875,0.06197378370950979,1148,2128,5,Edwards,1952,308
827,109500.0,102924.671875,0.061926586188770116,784,1568,5,BrkSide,1924,0
210,145000.0,154256.671875,0.06188375922900313,1092,2184,6,NAmes,1964,504
912,143500.0,152606.140625,0.061524907025583886,1268,2536,5,CollgCr,1977,252
313,119900.0,127502.5390625,0.061477719283937304,1118,1911,5,OldTown,1939,410
1011,135000.0,126956.53125,0.06142955489012536,1271,1991,5,Sawyer,1948,312
792,146800.0,156079.765625,0.06129567349351639,1062,2091,6,Mitchel,1976,539
281,228500.0,214921.390625,0.06126359756858335,1982,2789,7,SawyerW,1989,575
537,188000.0,199832.40625,0.061036768722059875,1724,2604,7,CollgCr,1998,527
640,264561.0,281036.3125,0.060411816849383015,1567,3087,8,Blmngtn,2006,648
303,205000.0,217755.953125,0.06036468973523057,1541,3082,7,CollgCr,2001,843
1112,205000.0,193018.140625,0.06022549896504614,1964,2767,7,NWAmes,1976,483
59,438780.0,466001.21875,0.06018996782564123,2945,4355,10,StoneBr,2006,641
454,210000.0,222984.96875,0.05999655646606783,1590,2358,8,Somerst,2008,676
3,223500.0,210500.875,0.059921327870357644,1786,2706,7,CollgCr,2001,608
293,131000.0,139030.90625,0.059498491397206976,1716,2484,5,Edwards,1949,281
1157,179900.0,190928.46875,0.05949738670341986,1265,2484,5,NAmes,1965,502
1358,149900.0,159057.734375,0.05929845639390052,1078,2156,5,NAmes,1971,500
1432,143750.0,135490.828125,0.05917130671450188,958,1916,6,NPkVill,1976,440
1333,100000.0,106093.9921875,0.059154659581134084,816,1632,4,Edwards,1938,288
573,224500.0,211611.328125,0.05912420176805888,1692,2538,7,Timber,2009,650
836,128000.0,135794.6875,0.059113381972050405,1067,2134,4,Sawyer,1950,436
686,207500.0,220121.8125,0.05904947029525154,2090,3280,7,StoneBr,1984,577
1254,294000.0,277198.21875,0.058846719743858245,2167,3359,7,Veenker,1974,518
172,215000.0,202723.375,0.058795381447971806,1656,2736,6,NAmes,1960,528
1208,200000.0,212106.140625,0.05876916078146266,1700,3382,6,CollgCr,2003,544
401,245500.0,231500.5,0.058714667559096156,1288,2548,8,Veenker,1996,500
358,134000.0,142103.21875,0.058713460652302984,1142,2284,5,MeadowV,1976,528
1238,195000.0,206761.0,0.058563686576208696,1948,2795,7,CollgCr,2004,434
433,122500.0,129887.5703125,0.05855773823215493,1365,2130,5,BrDale,1971,440
1285,169000.0,179179.078125,0.0584866911180697,2447,3251,6,SWISU,1919,336
951,129000.0,136768.421875,0.05847629962800305,864,1728,5,NAmes,1950,720
854,158000.0,167490.109375,0.05832890937734447,1445,2572,6,NAmes,1964,645
1217,112000.0,118721.4375,0.058280510884333836,1902,1902,6,Sawyer,1978,539
495,91300.0,96774.140625,0.05822840913208793,886,1076,5,OldTown,1938,273
216,134450.0,142490.25,0.058080773918261386,1236,2306,5,NAmes,1957,447
688,148800.0,157655.21875,0.057806988965390715,1102,1653,7,Somerst,2004,480
907,255000.0,270172.53125,0.05779699416379458,1636,3259,8,Somerst,2006,865
91,109900.0,103734.5,0.057735570241792544,1040,1040,4,NAmes,1950,420
612,148000.0,156753.4375,0.05746145802416791,1032,2064,6,NWAmes,1978,564
1255,165400.0,175174.328125,0.05741451886118831,1656,2402,7,Edwards,2003,397
1215,134500.0,127014.8984375,0.05725937078758925,999,1924,5,NAmes,1962,300
1272,185750.0,175427.9375,0.05717302078747544,1489,2978,6,NWAmes,1968,462
128,87000.0,92115.9921875,0.05713981055219364,840,1512,5,OldTown,1930,0
870,236000.0,222898.859375,0.05711343280143488,1949,2999,7,SawyerW,1993,574
270,148000.0,156680.5,0.05699605190706336,1113,2256,6,Edwards,1976,504
1417,122500.0,115714.265625,0.056986626277256036,2290,3067,4,OldTown,1885,560
486,147000.0,138885.796875,0.05678019912999943,1113,2226,5,NAmes,1950,264
1233,101800.0,96191.7890625,0.0566655301589698,1224,1224,4,NAmes,1962,462
733,222500.0,235449.28125,0.05656817523176194,2031,3184,7,CollgCr,1998,541
1249,129500.0,137008.359375,0.05636063698299054,2058,2793,6,OldTown,1917,396
504,289000.0,273178.21875,0.05630208957940752,1801,3302,7,Crawfor,1959,484
1110,280000.0,296114.25,0.05595556206052699,1836,3672,8,NridgHt,2004,862
794,225000.0,237924.765625,0.05585386924005853,1496,2992,8,Somerst,2007,474
1242,248328.0,234852.984375,0.05579050194933188,1689,3378,7,Somerst,2007,954
642,226000.0,238963.75,0.055776627472853946,1929,2986,7,Somerst,2001,650
1070,135000.0,127689.9375,0.05566939240860869,893,1738,5,NAmes,1949,576
860,250000.0,236480.390625,0.055595399593261874,2654,3708,6,NWAmes,1968,619
341,202900.0,214498.765625,0.05559047035428222,1908,2875,8,Timber,2002,431
1016,227000.0,214730.25,0.05556717653203336,1665,2475,8,NWAmes,2001,528
636,200000.0,189227.234375,0.055368490739654774,3395,4320,6,SWISU,1914,0
1077,170000.0,160850.734375,0.055321283197606874,1466,2262,5,OldTown,1936,566
623,135000.0,127750.6015625,0.05519442012041331,980,1960,5,Sawyer,1977,484
1348,283463.0,299545.9375,0.05518599383117895,1776,3508,8,Timber,2006,712
1015,119200.0,125957.96875,0.05514506521860696,1082,2164,6,NAmes,1948,240
1137,119000.0,125714.109375,0.054886413804501544,1252,2284,6,NAmes,1950,288
1419,124000.0,130996.0859375,0.054885448113177304,1144,2288,5,NAmes,1963,336
153,190000.0,179856.171875,0.05486628897714496,1993,2818,6,NWAmes,1971,495
42,170000.0,160941.890625,0.054754733943166656,1328,2678,5,Timber,1959,308
129,155000.0,146743.90625,0.05473582079737582,1348,2008,6,NAmes,1966,453
512,202665.0,191881.328125,0.05467699402439408,1368,2736,7,NridgHt,2005,474
101,205000.0,216462.296875,0.05440614644978581,1610,3220,6,NWAmes,1977,480
162,412500.0,390767.90625,0.05412227736617403,2668,4240,9,NridgHt,2003,726
581,181900.0,191995.0,0.05401195544235371,1429,2573,6,NAmes,1960,572
736,163000.0,172013.171875,0.05382053228402839,1768,2648,7,OldTown,1914,320
90,123600.0,117127.3125,0.05378861369681687,990,1980,4,CollgCr,1994,0
1397,160000.0,151625.90625,0.0537571258939078,1687,2434,5,Timber,1948,572
453,204000.0,193326.90625,0.05373715243532118,1756,2628,6,Timber,1996,422
834,167000.0,158268.9375,0.053697759972465064,1516,3032,6,NAmes,1964,472
326,87000.0,91784.171875,0.053531145322127216,803,1523,5,IDOTRR,1941,360
972,173000.0,164007.296875,0.053380357582142324,1626,2390,7,NridgHt,2003,474
976,165000.0,174022.40625,0.053238274357587656,1382,2055,7,Somerst,2000,490
1226,145000.0,137502.109375,0.053094108461213096,1138,1726,6,NAmes,1958,264
1074,159500.0,151256.46875,0.053066715940641274,1426,2116,6,Edwards,1977,440
939,239799.0,252856.0,0.05301886894723573,1962,3353,7,CollgCr,2006,868
383,213500.0,202482.234375,0.0529844265892887,1797,2736,7,CollgCr,2006,639
1227,214000.0,202965.0,0.052942210578700966,1933,2827,6,Somerst,2007,668
1375,250000.0,237111.359375,0.05293079887448826,1958,2984,7,Somerst,2005,936
481,326000.0,343708.75,0.0528971023693483,1850,3683,9,NridgHt,2004,772
1304,232000.0,220066.609375,0.05280686752026398,1616,3232,7,Somerst,2005,834
229,125000.0,118601.1484375,0.052547135883397544,912,1824,5,Sawyer,1967,336
887,145000.0,152816.875,0.05250621392622001,1712,3338,5,NAmes,1959,588
977,85500.0,81132.6484375,0.05243029612113581,869,1309,4,BrkSide,1923,0
397,123000.0,129620.5234375,0.05242636061506367,894,1788,5,CollgCr,1972,600
1328,130500.0,123869.9375,0.05214069261266552,816,1632,5,Mitchel,1982,264
918,135000.0,128149.125,0.05207975758936634,1229,2363,4,Edwards,1956,284
1330,176500.0,185927.71875,0.05203682565428558,1632,2567,7,Gilbert,1998,462
1154,120500.0,114398.4296875,0.05196195796731651,816,1632,6,IDOTRR,1930,432
324,126175.0,119792.1171875,0.05191152618936812,1163,2325,3,OldTown,1955,220
1269,381000.0,401255.5,0.05179887389479276,3447,4175,8,Crawfor,1935,1014
479,297000.0,312750.40625,0.05167313993939082,1718,3423,8,CollgCr,2007,826
948,270000.0,284293.5,0.05158501001308302,1629,3245,8,Timber,2002,808
169,183500.0,193213.359375,0.0515801258326416,1720,2560,7,Gilbert,2004,440
214,156000.0,148162.21875,0.05154792199899916,990,1980,5,CollgCr,1995,576
338,214000.0,225287.734375,0.05140215550580862,1536,3072,7,CollgCr,2002,532
225,386250.0,406498.34375,0.05109489739005113,2392,4784,10,NridgHt,2003,968
566,128000.0,134704.390625,0.051052025714211524,1647,2453,6,SWISU,1915,216
471,212000.0,223006.234375,0.05061322043539285,1502,2990,8,StoneBr,1985,528
1234,142000.0,135014.21875,0.050446596263789445,1188,2376,5,NAmes,1959,531
32,149350.0,142020.84375,0.05031836532487688,1228,2456,5,Sawyer,1966,271
942,214000.0,225022.109375,0.05022241735548327,2060,3052,7,Gilbert,1999,390
726,120500.0,114599.7890625,0.050203362032396726,864,1728,4,NAmes,1970,660
1388,136000.0,142981.796875,0.050062082799470886,2526,3240,6,OldTown,1916,216
491,115000.0,109387.1953125,0.05003784371945841,1304,1568,5,MeadowV,1976,336
418,239000.0,227376.46875,0.04985624162975988,2624,3994,6,Crawfor,1918,864
738,239900.0,228261.390625,0.04973053491566937,1801,2694,8,Gilbert,2005,800
118,155000.0,147513.65625,0.04950403326099995,1125,2250,5,Edwards,2006,430
1444,121000.0,115163.1484375,0.049440321679986354,952,1904,6,BrkSide,1916,192
544,133000.0,139722.625,0.04930971735822709,767,1490,7,NAmes,1998,367
518,265000.0,278388.25,0.049286714644988905,2344,3608,7,NoRidge,1996,889
367,159000.0,167017.65625,0.04919502874042969,1394,2788,6,NAmes,1963,514
901,110000.0,115544.4453125,0.04917446182334295,858,1716,4,NAmes,1971,684
1181,250000.0,238018.953125,0.04911041103720315,2514,3730,7,Timber,1990,693
264,130000.0,123771.21875,0.049099211946700194,1316,1852,5,OldTown,1929,484
296,142500.0,149668.15625,0.049078215894937216,1003,2006,6,Mitchel,1984,588
100,128950.0,122788.6875,0.048959453067398684,1225,2175,4,NAmes,1959,0
2,181500.0,172840.796875,0.04888445614625425,1262,2524,6,Veenker,1976,460
724,135000.0,128562.015625,0.048863007718081164,1470,2411,4,Edwards,1954,548
954,172000.0,163828.3125,0.048675182349795065,1968,2752,5,Mitchel,1969,530
1003,232000.0,243552.15625,0.04859353751799489,1574,3148,8,Somerst,2006,824
399,67000.0,70323.6171875,0.048414366231671835,1077,2038,5,IDOTRR,1920,338
1055,255000.0,267634.5,0.048358513423650606,1989,3054,8,CollgCr,2002,586
234,128200.0,134530.5625,0.04819949217161934,894,1788,5,CollgCr,1976,308
1361,189000.0,180114.0,0.048156770274456306,2601,3213,5,SWISU,1921,621
1043,196000.0,186795.03125,0.048102481674286324,1306,2612,6,NridgHt,2005,624
415,228000.0,239217.078125,0.04802558175656202,2097,3177,7,SawyerW,1993,678
181,177000.0,168700.765625,0.04802292671421071,1525,2281,6,Somerst,2000,440
749,260400.0,248191.953125,0.04801627012720466,1720,3440,7,NoRidge,1996,527
470,187000.0,178236.765625,0.047995543539908425,1710,2542,6,SawyerW,1993,506
197,311872.0,297262.15625,0.0479782591858644,1726,3452,7,Somerst,2007,786
246,241500.0,230202.015625,0.04791201764710529,1872,3717,7,NWAmes,1988,604
1307,202500.0,193046.859375,0.04780669060582632,1368,2736,7,NridgHt,2005,474
966,178900.0,170561.625,0.04773004887650423,1484,2267,6,Gilbert,2005,393
289,122000.0,116316.15625,0.04770867557904346,900,1782,5,Sawyer,1967,280
66,317000.0,302235.8125,0.04769407100348211,2473,3616,8,NridgHt,2004,852
282,185000.0,176390.71875,0.04765403386010014,1262,2524,6,Somerst,2006,572
1235,130000.0,123967.3125,0.04751615414051358,1964,2904,5,SWISU,1911,0
1402,193000.0,184067.125,0.04738943658801453,1593,2432,6,Gilbert,2004,398
258,220000.0,230616.65625,0.04712907967279456,1604,3208,7,CollgCr,2006,660
1059,335000.0,351104.40625,0.04695296419534856,2184,3288,9,NridgHt,2008,836
112,180000.0,171777.109375,0.0467588242361856,1430,1814,7,Gilbert,2000,400
962,272000.0,259575.65625,0.046753683968495,2872,4202,6,NWAmes,1977,619
949,192500.0,201683.984375,0.046605648329819616,1776,2712,7,CollgCr,2002,474
1429,119000.0,113607.5859375,0.04637281257083181,804,1592,5,OldTown,1940,240
235,216500.0,206740.6875,0.0461250388362604,1960,2820,6,Gilbert,2002,440
231,148000.0,141329.0625,0.04612100689067411,1194,2388,6,NAmes,1959,312
188,135000.0,128918.5625,0.046093522454334845,1656,2172,5,OldTown,1916,180
251,76500.0,73065.78125,0.04592997803540122,1306,2034,3,BrkSide,1940,0
1176,285000.0,298378.375,0.04587305827367061,2872,4555,8,NoRidge,1992,541
48,249700.0,238504.3125,0.045872617370031676,1656,3312,8,Somerst,2006,826
1393,123000.0,128773.4453125,0.04586990260566637,900,1764,5,NAmes,1967,288
317,260000.0,248346.5625,0.04585625043431385,2353,3198,7,NWAmes,1980,484
1089,137500.0,131337.71875,0.04585156430768045,1709,2679,7,Edwards,2004,380
139,230000.0,240774.140625,0.045779814758427406,1852,2856,8,CollgCr,1999,660
299,175000.0,167169.84375,0.04577538223381694,1743,2445,6,NWAmes,1968,539
78,127000.0,121327.484375,0.04569334621559484,1285,1957,5,BrkSide,1948,240
483,155000.0,162223.359375,0.04554874299749656,1826,2736,7,OldTown,1915,164
74,144900.0,138465.765625,0.04542041316782175,1086,2172,5,NAmes,1954,490
417,149500.0,156438.609375,0.04536697114892263,1400,2072,6,Sawyer,1978,440
353,95000.0,90794.8125,0.04527425115855088,1111,1727,5,Edwards,1941,200
13,144000.0,137626.484375,0.045269597345303225,912,1824,5,Sawyer,1962,352
103,118964.0,113703.078125,0.045230064675875425,1535,1535,5,SawyerW,1979,410
1163,129000.0,123297.375,0.04521292542379207,894,1788,5,Sawyer,1968,450
1167,245350.0,256672.15625,0.045113671613219,1694,3388,8,CollgCr,2008,776
361,156000.0,149125.171875,0.04506967875787993,912,1800,6,Mitchel,1978,470
222,200000.0,209160.328125,0.0447834925682109,2267,3277,6,Gilbert,2002,390
691,141000.0,147456.703125,0.0447743936306253,848,1696,6,CollgCr,2004,420
420,142000.0,135785.625,0.04474937998298856,1056,2112,5,NAmes,1968,304
183,120000.0,114751.4765625,0.04472264512888735,1340,1340,5,Edwards,1957,252
798,110000.0,105194.390625,0.04466997266820627,773,1546,5,NAmes,1953,240
164,103200.0,98699.046875,0.04459312155966089,882,1764,4,OldTown,1956,0
990,197000.0,188409.890625,0.0445836385304883,1576,2346,7,Somerst,2006,614
673,165000.0,172511.609375,0.04451879713770879,1208,2416,6,Veenker,1977,546
1054,144500.0,138208.359375,0.04451679549521792,1526,2742,5,Edwards,1957,364
1196,176000.0,168341.71875,0.044487782836696965,1456,2184,6,Gilbert,2005,400
106,250000.0,261372.890625,0.044486995504865234,1992,3045,8,Somerst,2003,648
595,110000.0,114996.4375,0.04442038884610966,924,1848,5,CollgCr,1975,280
110,190000.0,198625.703125,0.044397864090793604,1844,3688,6,NWAmes,1977,546
332,139000.0,132967.78125,0.04436675412407176,1056,2112,5,NAmes,1958,308
720,128500.0,134319.296875,0.04429053656764914,971,1942,5,CollgCr,1969,300
898,142953.0,136768.15625,0.04422838643026239,2240,2240,5,SawyerW,1979,528
1366,216000.0,206658.28125,0.04421158445768825,1674,2488,7,Somerst,2000,663
1442,149300.0,142850.40625,0.0441594295758172,848,1696,6,CollgCr,2004,420
325,242000.0,252917.75,0.04412643252440773,2978,3688,7,NAmes,1967,564
1185,186700.0,195122.859375,0.04412612648699543,1572,3144,5,Timber,1963,995
986,125000.0,130630.1875,0.044056252747980196,1164,2328,5,Edwards,1950,240
668,193500.0,202165.40625,0.04380847117142039,1679,3087,6,SawyerW,1994,575
223,179900.0,172194.546875,0.04377596811711726,1552,2265,6,NWAmes,1975,434
10,118000.0,123279.9765625,0.0437730134742953,1077,2068,5,BrkSide,1939,205
1068,167900.0,175412.046875,0.04376894073173965,1611,2391,6,NAmes,1964,442
1300,154000.0,160885.40625,0.0437394688247732,1246,2492,5,NAmes,1959,305
509,161000.0,154125.5,0.04363688234805174,1378,2067,7,OldTown,1928,360
930,222000.0,231896.921875,0.04361539655672253,2236,3200,7,Gilbert,1997,642
1278,197900.0,189492.515625,0.04341210005356366,1724,3404,6,NWAmes,1967,480
987,117000.0,122186.046875,0.04337055996313488,1635,2120,6,OldTown,1910,255
1408,112000.0,116961.546875,0.04334597154476505,833,1666,5,Mitchel,1985,0
517,158000.0,164985.578125,0.04326276377408966,2119,2808,6,NWAmes,1972,583
1373,274300.0,262715.125,0.043151966968320465,2097,3205,7,CollgCr,1998,583
1136,102000.0,106492.0703125,0.0430972983864546,986,1946,6,BrkSide,1926,180
1282,180000.0,187885.234375,0.042874236927552545,1339,2648,7,Timber,1990,484
111,136900.0,142896.875,0.0428721774167915,1855,2849,6,Edwards,1954,325
1247,186500.0,194666.375,0.042855731852336376,1553,2309,7,Somerst,2005,615
577,145000.0,151334.953125,0.042761581673557814,1477,2338,7,SWISU,1928,216
1036,84000.0,80486.984375,0.042720792672943375,845,845,4,Edwards,1957,290
1053,165000.0,158104.046875,0.042691868739337835,1977,2793,6,NAmes,1964,540
542,248000.0,258791.609375,0.04259422652044442,2285,3254,8,NoRidge,2000,648
1243,170000.0,162921.96875,0.042526814638149446,1173,2226,7,NWAmes,1974,528
719,341000.0,326808.9375,0.04250663880028682,2418,3729,7,NoRidge,1993,983
740,190000.0,198239.46875,0.042451447131618636,1728,2592,7,CollgCr,2004,572
829,185000.0,177325.453125,0.04236882871554748,2126,3139,5,ClearCr,1967,538
1297,155000.0,148574.109375,0.04234095109869784,1128,2248,5,NAmes,1963,525
1119,140000.0,134218.390625,0.0421738608418476,1601,2134,5,Sawyer,1958,300
466,178740.0,171376.390625,0.042069743199226295,1414,2789,7,Blmngtn,2004,398
516,402861.0,420103.75,0.04191001340136857,2020,4026,10,NridgHt,2009,900
220,167240.0,174396.890625,0.041903530460349,1248,2496,7,Blmngtn,2005,438
634,139400.0,145360.78125,0.04187100616988282,1056,2112,5,NAmes,1954,260
412,145000.0,139056.09375,0.04185604374815988,1056,2112,5,Gilbert,1955,572
567,325000.0,338860.25,0.04176247231412411,2504,3626,9,StoneBr,2005,656
335,192000.0,200173.0625,0.04168672019815567,1638,2581,6,Gilbert,1998,472
702,140000.0,145952.6875,0.04163979704190446,1164,2328,7,NWAmes,1969,528
934,190000.0,198076.1875,0.04162745528233458,1500,3000,7,CollgCr,2004,570
609,359100.0,344472.375,0.04158688442240965,3194,4159,8,Crawfor,1934,380
1371,105000.0,109446.046875,0.04147096818476825,1374,2214,4,OldTown,1920,338
1009,240000.0,250145.234375,0.041402594353012745,1710,3420,7,Mitchel,2004,550
68,226000.0,216842.0625,0.04136554643212165,1479,2932,7,CollgCr,2003,558
1359,177500.0,170329.828125,0.041233648956000124,1573,2329,6,Somerst,2000,440
144,204000.0,212540.671875,0.041013176286993414,1501,2991,7,CollgCr,1999,577
835,139950.0,134338.25,0.0409240443713621,1144,2288,5,NAmes,1961,456
756,172500.0,165583.625,0.04092064011808816,1471,2200,6,Somerst,1999,440
52,114500.0,119278.5546875,0.040886380531379274,1176,1632,6,BrkSide,1934,528
1135,169000.0,176026.71875,0.040736843469844075,1600,2516,6,Gilbert,1997,460
249,180000.0,187461.40625,0.040615918877319857,1668,2508,7,CollgCr,2003,500
462,155000.0,148854.921875,0.040452697662219705,1135,1695,7,SWISU,1936,576
1441,191000.0,183427.6875,0.04045269565246379,2555,2759,6,Crawfor,1922,672
120,163990.0,170750.421875,0.040397277379460306,1456,2184,6,CollgCr,2005,390
1292,119500.0,114776.7578125,0.04032702170122704,1302,1932,5,BrDale,1972,264
35,277500.0,288916.75,0.040317508745850716,1561,3122,9,NridgHt,2005,556
874,133000.0,127746.8203125,0.04029848018529947,1268,1868,5,NAmes,1949,288
136,174000.0,181148.4375,0.040261265850345396,1682,2986,7,NWAmes,1970,530
1298,140000.0,145729.59375,0.04011010341188381,1072,1619,6,Edwards,2005,525
807,135500.0,130190.0390625,0.039976117365124963,980,1960,5,NAmes,1967,384
195,127000.0,122023.71875,0.03997132352834676,864,1728,5,CollgCr,1972,352
33,179900.0,187223.59375,0.03990223269923554,1234,2468,8,CollgCr,2007,484
1160,185000.0,177790.28125,0.03975094543080715,1876,2777,6,NWAmes,1974,540
796,171000.0,164342.828125,0.03970865827372627,1564,2214,6,SawyerW,1980,476
391,119000.0,123800.140625,0.03954467721959887,1367,2228,5,Edwards,1900,384
819,155000.0,148994.6875,0.03951420593775623,1052,2062,6,ClearCr,1971,440
1086,147000.0,152923.890625,0.039507500431808396,996,1932,6,SawyerW,1992,564
145,125000.0,130030.21875,0.03945282858604138,1728,3456,5,Sawyer,1963,504
565,268000.0,257671.828125,0.039300039697595324,2295,3390,7,NoRidge,1992,590
528,446261.0,429081.375,0.039257306676342196,2713,4165,9,NridgHt,2008,858
830,147400.0,153243.46875,0.0388777171868977,1223,1743,7,Somerst,2005,480
1092,160000.0,153906.640625,0.03882737891565746,1252,1852,7,Somerst,1999,462
505,147000.0,141403.484375,0.03881492240818396,1322,2177,6,NPkVill,1974,440
649,155000.0,161111.109375,0.038668885668554864,1839,2595,6,NAmes,1966,442
1134,239500.0,248925.375,0.0385995778034296,2020,3148,8,SawyerW,1995,466
1005,181000.0,188109.15625,0.0385251726231548,1504,2850,7,Blmngtn,2005,457
268,179500.0,172726.109375,0.038467832311427586,2192,2492,5,SWISU,1939,240
910,174000.0,180817.5625,0.038433065058246285,1484,2226,6,Gilbert,2005,390
395,109000.0,113267.5703125,0.03840467069083431,1034,1769,5,OldTown,1940,240
622,240000.0,249389.203125,0.03837566069814713,2614,4136,6,NWAmes,1974,624
821,183000.0,190152.546875,0.03834026993001238,1640,2438,7,CollgCr,2003,595
196,148500.0,142944.703125,0.03812683249718063,1456,2311,6,NPkVill,1976,440
812,144500.0,150115.734375,0.038126792655855724,848,1696,6,CollgCr,2004,420
1267,122000.0,126731.53125,0.03804957103937667,1889,2814,7,OldTown,1910,308
1275,139000.0,133810.6875,0.0380476329469559,1250,1911,5,Crawfor,1910,552
360,280000.0,290858.59375,0.038047480437073844,1924,3010,8,NoRidge,1998,592
150,115000.0,110719.703125,0.03792998164973582,1344,2240,5,BrkSide,1936,240
652,108000.0,112132.6953125,0.037551381198712264,1510,2265,4,Edwards,1940,296
502,226700.0,218345.703125,0.03754778784043111,1768,2634,7,Somerst,2005,603
697,89000.0,92404.2421875,0.0375361050452252,616,1232,5,BrkSide,1921,205
279,415298.0,431158.1875,0.03747862372449973,2121,4242,9,NridgHt,2006,732
862,131500.0,136518.34375,0.03745186088732311,1039,2078,5,Sawyer,1965,504
484,164000.0,157994.171875,0.03730805055967856,1216,2432,6,Mitchel,1998,402
921,201000.0,193640.953125,0.037299031778834646,1721,2649,6,SawyerW,1994,471
408,177000.0,170528.28125,0.03724836276035859,1680,2520,6,Crawfor,1915,308
1430,182900.0,189805.953125,0.03706249661118122,1440,2880,6,NWAmes,1981,467
286,164700.0,170886.453125,0.036873462144225044,1250,1875,7,Somerst,2006,528
1415,207000.0,199511.921875,0.03684461863596766,1848,2681,6,BrkSide,1923,370
546,229000.0,237570.84375,0.0367437073738639,2183,3387,7,NWAmes,1988,786
1103,135000.0,130156.3984375,0.03653771052670152,1134,2144,5,NAmes,1960,254
562,170000.0,163900.96875,0.036535821810762314,1389,2778,5,Mitchel,1974,418
16,132000.0,136894.875,0.03641110204235609,854,1686,7,BrkSide,1929,576
55,130000.0,125357.578125,0.03636388708432747,1360,1744,5,NAmes,1955,572
295,167000.0,161041.375,0.03633227131127015,1644,3060,6,NAmes,1953,418
369,132000.0,136880.765625,0.03630803025767548,1268,2536,5,NAmes,1954,244
1129,215000.0,207334.015625,0.036306761294540024,1959,2806,7,Gilbert,2004,434
248,140000.0,145165.453125,0.03623147117209591,1375,2742,6,NAmes,1954,451
494,155000.0,149485.421875,0.036226003383903915,1269,2538,5,NAmes,1960,308
1352,171000.0,164968.28125,0.03591012211319722,1716,2574,6,NAmes,1962,490
17,149000.0,154443.90625,0.035884421559627455,1004,2008,6,NAmes,1970,480
191,315000.0,303905.25,0.035856547736848654,2727,3580,8,Crawfor,1932,440
424,315000.0,326482.15625,0.03580254514114145,2630,4100,8,NoRidge,1998,696
1277,162000.0,167901.921875,0.03578345835094332,1395,2118,6,NWAmes,1972,497
1106,325000.0,336838.78125,0.0357791314953797,2622,4085,8,NoRidge,1994,712
755,156000.0,150534.203125,0.035665452841328715,1026,2052,6,NAmes,1969,440
1225,184000.0,190667.71875,0.03559627295176959,1490,2278,7,Gilbert,2004,388
1097,127000.0,122568.96875,0.0355129200466493,1355,2039,6,IDOTRR,1914,0
619,314813.0,326183.6875,0.03548175878957949,1828,3650,9,NridgHt,2007,774
1191,168000.0,174057.921875,0.0354239415908566,1622,2871,4,Mitchel,1961,1356
1210,290000.0,279991.90625,0.035120103223546195,1660,3320,8,Somerst,2006,500
1051,176485.0,182786.984375,0.03508537275549095,1302,2604,7,Gilbert,2007,436
1189,195000.0,188305.515625,0.03493364932801768,1660,2491,7,CollgCr,2002,493
1334,125500.0,129959.1875,0.03491442688389057,1360,2163,5,IDOTRR,1938,297
1369,144000.0,139074.671875,0.034802057020220545,848,1696,6,CollgCr,2003,420
999,91000.0,87895.890625,0.03470606540655474,1077,2084,3,IDOTRR,1922,210
339,202500.0,209645.609375,0.03467847589200446,1621,2829,7,NWAmes,1984,440
611,313000.0,323995.1875,0.03452536332456191,2153,3593,9,CollgCr,2000,736
1420,223000.0,230827.671875,0.03449949939116337,1844,3688,6,Crawfor,1969,540
166,127500.0,123190.5390625,0.034383835404641516,1355,1999,5,Edwards,1940,0
406,150000.0,155244.734375,0.034367283850009755,1620,2901,4,Sawyer,1976,490
647,98300.0,101736.3203125,0.034360000422751114,1048,1048,5,NAmes,1950,420
703,361919.0,349702.21875,0.03433834458279783,2576,3810,8,StoneBr,2006,666
838,100000.0,96631.65625,0.03426344542959647,987,1470,6,BrDale,1973,264
840,130500.0,126126.609375,0.034086722308082074,1200,1968,5,Edwards,1946,240
1261,181000.0,187264.484375,0.03402475645741454,1675,2516,6,Gilbert,1999,502
342,82000.0,79257.265625,0.03401973688586857,841,1562,4,SawyerW,1950,294
785,128000.0,132427.671875,0.03400609861630066,1484,2226,6,OldTown,1914,0
1198,144000.0,148971.515625,0.03394158604187503,1690,2505,7,OldTown,1916,225
592,451950.0,436869.65625,0.03393659671286109,2296,4018,10,NridgHt,2008,842
1357,110000.0,113785.5234375,0.033834634798900254,892,1756,5,NAmes,1966,264
1207,107000.0,110682.2265625,0.03383412645411177,1056,2112,4,SawyerW,1966,384
523,159000.0,153739.5625,0.033643968819783154,1664,2668,6,BrkSide,1947,420
126,84500.0,81713.015625,0.03353783158206802,754,1040,6,IDOTRR,1935,0
1327,79000.0,76398.9453125,0.03347853024751046,774,1318,3,Edwards,1931,0
1451,136000.0,131528.609375,0.03343024602870415,1792,2688,5,NAmes,1974,0
583,118500.0,114605.4765625,0.03341708216741068,816,1632,6,Edwards,1990,0
1113,129900.0,125633.6875,0.03339423160829469,816,1632,5,NAmes,1957,308
814,157900.0,152723.0625,0.03333547433098438,1442,2884,6,NAmes,1958,301
15,157000.0,151854.984375,0.03331957426017418,1253,2506,6,NAmes,1960,352
199,104000.0,107521.2421875,0.033297215756029175,2229,2613,6,OldTown,1912,0
535,178000.0,184022.53125,0.03327446840654069,1414,2121,8,Gilbert,2004,403
767,196500.0,190072.421875,0.033257091918549975,1714,2694,7,NWAmes,1988,496
81,193500.0,200037.5625,0.03322748004695697,2142,3038,6,NAmes,1968,509
1437,120500.0,116563.5703125,0.033212680576957254,864,1728,4,NAmes,1971,528
596,319000.0,308589.53125,0.03317898104071659,1826,3640,8,StoneBr,2005,758
1340,128500.0,124314.203125,0.033116385433107354,864,1728,5,CollgCr,1972,288
513,129900.0,125671.796875,0.03309094278753477,864,1728,5,NAmes,1958,624
786,161500.0,166900.78125,0.03289416857525218,1342,2714,6,NWAmes,1967,457
989,195000.0,188696.34375,0.032860311056873925,2030,2878,6,NWAmes,1976,551
879,148000.0,152913.96875,0.032662976598745175,1155,2264,5,Sawyer,1961,576
1041,155000.0,160135.1875,0.03259305655613254,1803,2937,5,Sawyer,1957,484
449,119500.0,123454.453125,0.03255564802021205,1376,2156,6,IDOTRR,1937,198
328,145250.0,140616.390625,0.032420620006389456,1383,2766,6,NAmes,1960,292
1205,153500.0,148647.671875,0.032121466837686796,1074,2130,5,NWAmes,1975,495
1309,147000.0,142361.75,0.0320610117973299,1122,2046,5,OldTown,1948,528
24,129900.0,134120.75,0.031975347653274255,1060,2100,5,MeadowV,1976,572
1178,115000.0,111402.546875,0.03178165789792864,1224,2042,6,OldTown,1926,210
257,207500.0,201010.1875,0.03177559322210932,1728,2592,6,Somerst,2003,673
157,109500.0,106084.484375,0.03168845616616345,1040,1040,5,NAmes,1950,625
883,178000.0,172448.453125,0.031685000085056814,1593,2401,6,Gilbert,1992,389
920,176500.0,171007.90625,0.03161090359997765,1414,2598,6,NAmes,1958,601
1259,190000.0,184095.390625,0.03156985277099622,1166,2022,7,Gilbert,2005,400
253,173000.0,178536.53125,0.0315014633940951,1640,2438,6,SawyerW,2004,520
1126,115000.0,111437.296875,0.031469777510503505,1005,2010,4,NAmes,1955,672
1244,465000.0,450660.90625,0.031322151298402545,2076,4152,10,NridgHt,2006,850
743,179000.0,184662.28125,0.031142672912574554,1349,2698,7,SawyerW,2000,539
343,87500.0,90259.203125,0.031046422969794207,1040,1040,3,NAmes,1949,400
935,242000.0,234662.015625,0.030791349426849024,2069,2654,7,NAmes,1960,505
1391,235000.0,227890.328125,0.030720885155190558,1525,3050,7,CollgCr,2000,541
221,204900.0,211288.6875,0.03070318275202233,1498,2996,7,CollgCr,2006,675
469,250000.0,242449.515625,0.030667287577985647,1634,3260,8,NridgHt,2006,866
171,128500.0,124656.3515625,0.030367900538323056,1382,1574,5,OldTown,1941,660
439,90350.0,93135.0234375,0.03035895713186676,694,1134,5,Crawfor,1913,352
310,360000.0,371094.59375,0.030352885287749487,1944,3840,9,NridgHt,2003,708
620,305000.0,314380.15625,0.030291067876678568,2262,3744,8,Timber,2003,749
1080,126000.0,129865.2734375,0.03021541172243758,990,1980,5,CollgCr,1994,299
445,210000.0,216432.78125,0.030172347769720886,1908,2823,7,CollgCr,1994,493
797,143500.0,139236.4375,0.030161344518630173,1285,1945,6,Sawyer,1977,528
50,127000.0,123234.6015625,0.030096977367191968,955,1910,5,Sawyer,1966,386
472,190000.0,195683.96875,0.029476728533950336,1969,2777,7,NWAmes,1977,534
354,105900.0,109051.3828125,0.029323647617413684,720,1344,6,OldTown,1928,484
43,144000.0,139854.078125,0.029213513781286338,884,1724,5,SawyerW,1983,504
80,110000.0,113244.125,0.029065260418821737,1230,1670,5,OldTown,1910,440
783,187100.0,192542.15625,0.02867173891188557,1430,2843,7,CollgCr,2001,605
777,221500.0,215239.53125,0.028670951354452967,1614,3228,7,CollgCr,2005,865
1377,91000.0,93642.4140625,0.028623605936369145,790,1558,6,SWISU,1930,160
1171,171000.0,166175.109375,0.028621278589382015,1118,2214,6,Mitchel,1977,358
646,143250.0,139215.46875,0.028568285485398803,981,1962,6,NAmes,1971,576
754,275500.0,267752.6875,0.02852377694188668,2098,3128,8,NridgHt,2005,878
953,133900.0,130181.6015625,0.028162628635984177,768,1536,5,CollgCr,1972,396
905,125500.0,122026.3984375,0.02806812979148887,902,1778,5,Sawyer,1967,288
997,136500.0,132728.71875,0.028017069932948502,1050,2100,5,NAmes,1961,368
644,152000.0,147809.53125,0.027955840413353528,1620,2400,5,NWAmes,1969,462
1199,178000.0,173094.015625,0.027948501258054037,1212,2424,7,CollgCr,2001,573
723,124500.0,121072.6171875,0.027914980900218822,864,1728,4,NAmes,1970,463
881,157000.0,161438.109375,0.02787586507985651,1090,2180,5,Edwards,2005,450
625,165150.0,160613.609375,0.027852442078764028,1790,2522,6,NWAmes,1972,484
751,96500.0,99222.0859375,0.027817337374067108,1140,1716,4,OldTown,1910,0
1013,165000.0,160496.46875,0.027673363070608303,1502,2104,6,Crawfor,1923,180
1293,107500.0,110510.9375,0.027623396946982126,2372,3366,5,OldTown,1892,432
1166,233170.0,226819.65625,0.027612445321711476,1502,3004,7,NridgHt,2009,644
607,152000.0,156251.9375,0.02758898866778914,1040,2080,5,CollgCr,1996,576
841,140000.0,136205.0625,0.027480660968713266,1482,2154,6,SWISU,1925,400
694,108480.0,105541.375,0.027462511398079315,1073,2146,5,OldTown,1921,326
146,130000.0,126479.0546875,0.02745751745195335,1709,2679,6,Edwards,2004,380
64,140000.0,136208.4375,0.027455882642955842,1710,2286,7,OldTown,1921,480
1118,130000.0,133617.875,0.027449388329904068,894,1788,5,Sawyer,1967,450
300,158500.0,162907.6875,0.027428942004259937,1152,2244,6,Crawfor,1950,300
825,232600.0,239062.6875,0.02740545202731859,1489,2978,8,Somerst,2006,776
371,172400.0,177144.265625,0.027146947044693448,1664,2617,6,Gilbert,2000,460
267,185000.0,180070.203125,0.027008884880583395,1511,2313,6,Gilbert,1997,413
570,135960.0,139673.59375,0.026947306897996626,943,1886,5,NAmes,1979,600
1193,125000.0,128410.6875,0.02691967398641637,1472,2174,5,OldTown,1925,250
177,211000.0,205404.890625,0.026874896920631386,2060,3211,6,ClearCr,1988,521
507,215000.0,220837.984375,0.02679117920786389,1911,2688,8,SawyerW,1993,471
488,175000.0,179749.0,0.02677530840825426,1484,2968,5,NWAmes,1971,487
134,220000.0,214189.890625,0.026764462114881482,1296,2563,8,Timber,2001,471
742,142000.0,138291.4375,0.02646354450542887,912,1824,6,Sawyer,1961,288
1396,281213.0,273876.53125,0.026434905097922012,2482,3576,8,Timber,2005,642
1007,163500.0,167833.890625,0.026161595719315756,1657,3314,6,NAmes,1970,484
580,131500.0,134981.515625,0.026130800010250255,1795,2845,5,OldTown,1954,352
1192,174000.0,169513.75,0.026121102641056382,1441,2217,8,Somerst,1999,492
85,168500.0,164160.34375,0.026091936932406412,1474,1858,7,Gilbert,1995,400
904,240000.0,233818.9375,0.026091768720972297,1670,3340,7,Gilbert,2006,690
386,192000.0,187057.625,0.026078509950862028,1269,2525,8,Blmngtn,2004,430
1418,340000.0,331278.03125,0.02598754381277857,2450,3734,8,NoRidge,1998,1069
405,168000.0,172416.046875,0.0259463013601966,1572,2378,6,Gilbert,1995,373
1426,142000.0,145722.5,0.02587689068786858,1252,2504,6,NAmes,1959,528
1096,176432.0,171935.9375,0.025813433764490412,1314,2628,6,CollgCr,2006,440
601,275000.0,268017.875,0.025717326888274883,1904,2962,8,NridgHt,2005,736
114,217000.0,211500.765625,0.025668615264537564,2259,4068,6,Crawfor,1953,450
165,152000.0,148150.90625,0.02564895880854756,1616,2765,6,OldTown,1926,216
531,175000.0,179539.3125,0.02560807669333265,1509,2970,6,Timber,1988,600
337,377426.0,367900.96875,0.025560659091096838,1922,3844,9,StoneBr,2005,676
1414,257000.0,263648.0625,0.02553893418136255,1844,3688,8,SawyerW,2005,620
1025,287000.0,294420.21875,0.025525758741789417,2898,4463,8,Timber,1976,665
805,118000.0,115033.078125,0.025464683018551426,1128,2064,5,NAmes,1954,286
1322,72500.0,70691.09375,0.02526661636676053,720,720,3,BrkSide,1949,287
1018,187500.0,182842.078125,0.025155890333358855,1360,2580,8,StoneBr,1984,565
307,225000.0,219419.484375,0.02511493772769846,2243,2943,7,SawyerW,1990,746
1131,135000.0,131656.75,0.02507643339758303,1981,3103,4,SWISU,1928,576
662,402000.0,392057.21875,0.025044230195856443,2448,4077,8,NoRidge,1994,711
1159,235128.0,229313.28125,0.025040829834557243,1580,3160,8,Somerst,2007,830
273,290000.0,297351.1875,0.025032881525518746,2270,3422,8,NoRidge,1999,671
213,252678.0,246442.109375,0.02498873521261835,1852,2752,7,Somerst,2009,644
1336,167900.0,163765.984375,0.02492992948118733,1334,2684,6,NWAmes,1977,630
549,125000.0,128153.5234375,0.024915012907456457,825,1650,5,OldTown,1955,720
557,141000.0,144552.21875,0.02488075304436954,1092,2184,5,NAmes,1957,299
778,142500.0,138999.625,0.02487058770448236,894,1758,5,Sawyer,1974,440
833,237000.0,231181.046875,0.02485887867709735,1829,2770,7,CollgCr,2003,613
312,132000.0,135314.4375,0.024799128652849944,972,1944,6,NAmes,1948,240
656,88000.0,90201.203125,0.02470567360942688,1092,1617,6,BrDale,1971,264
1061,213500.0,208292.4375,0.024693673768632962,1338,2676,8,StoneBr,2001,582
727,222000.0,227548.5,0.02468591077432869,1680,2560,6,Crawfor,1988,540
467,167000.0,171169.765625,0.02466188716723572,1277,2554,7,NAmes,1970,526
292,135900.0,132589.546875,0.02466089480672906,1716,2496,5,SWISU,1912,0
385,240000.0,245988.9375,0.02464754062422969,1953,3533,6,ClearCr,1992,501
1147,180000.0,175624.96875,0.02460585034330265,1298,2596,6,SawyerW,1985,403
1449,112000.0,114782.890625,0.02454334864604668,1346,1906,4,Edwards,1910,384
927,285000.0,278092.375,0.024535750444318438,2374,3555,8,NridgHt,2003,656
1314,333168.0,341430.6875,0.02449775364806328,2599,3992,9,NoRidge,1999,779
365,190000.0,185429.953125,0.024346742898634588,1574,2370,6,NWAmes,1976,566
423,113000.0,110306.6640625,0.024123260590936724,988,1976,5,Mitchel,1954,520
522,150000.0,153641.640625,0.023987429682511774,1244,2488,6,NAmes,1957,336
1435,160000.0,163877.6875,0.02394637852334469,1126,2252,5,Mitchel,1977,484
556,113000.0,115730.046875,0.02387226942782128,1048,2041,5,BrkSide,1922,280
752,162000.0,165910.1875,0.023850122071838342,1320,1980,7,Gilbert,2003,400
869,169000.0,165021.609375,0.023822141036873745,2320,2267,5,Gilbert,1948,672
1040,80000.0,78124.7578125,0.02371932658623699,630,1260,4,MeadowV,1970,286
37,145000.0,148479.765625,0.023714786494450024,1097,2194,5,CollgCr,1994,672
498,184000.0,179699.984375,0.02364692072251806,1820,2846,7,BrkSide,1925,240
456,175500.0,171424.125,0.023498158543365122,1242,2484,7,NWAmes,1973,528
1035,119750.0,122589.1953125,0.023432460336016092,954,1874,5,Crawfor,1938,240
1439,149700.0,153249.03125,0.023430807301480172,1236,2148,6,OldTown,1957,923
142,260000.0,254003.546875,0.023333309220985754,1734,3468,7,CollgCr,2005,660
26,256300.0,250440.03125,0.0231290464187488,1600,3166,8,NridgHt,2007,890
1170,625000.0,610802.0,0.022978764811350416,3627,5557,10,NoRidge,1995,807
133,150750.0,154250.34375,0.022953905170382427,1327,2390,5,NAmes,1959,624
1048,145000.0,141718.1875,0.022893092103442925,990,1980,5,CollgCr,1994,672
36,309000.0,302022.875,0.022838442596986752,2452,3569,8,NridgHt,2004,691
957,124000.0,126856.921875,0.022778104735884597,1229,1790,6,Blueste,1980,462
1190,189000.0,193341.46875,0.022710759860244067,1804,2798,7,Gilbert,1999,442
710,109900.0,112404.0078125,0.02252852940985406,904,1780,5,Sawyer,1966,408
1117,184100.0,180005.640625,0.02249077748399131,1419,1827,8,Gilbert,2002,527
206,180500.0,176487.640625,0.022479802686731887,1442,2866,7,Gilbert,1990,500
868,129000.0,131918.546875,0.022372087128955442,1120,2160,4,Sawyer,1961,544
357,173000.0,169189.4375,0.02227244521030336,1167,2325,6,Gilbert,1992,400
588,137000.0,133991.375,0.022205329724757306,860,1700,5,Sawyer,1982,528
87,174000.0,177854.046875,0.021907828811050578,1560,2244,6,Gilbert,2005,400
1392,124000.0,126731.40625,0.021788196041987007,1584,3168,5,NAmes,1967,792
832,151000.0,154319.5,0.021745149303407985,1200,1720,7,Somerst,2005,480
485,132500.0,135402.34375,0.021667862952760686,999,1998,5,Sawyer,1962,264
1319,275000.0,269162.34375,0.021456312872336625,1787,3540,8,CollgCr,2001,748
1270,144000.0,140959.703125,0.021339093703707235,1524,2398,5,NAmes,1958,315
982,336000.0,328914.78125,0.02131240219594055,2612,3837,8,NoRidge,1998,676
1364,156932.0,160311.0625,0.021303343644953898,1412,2028,6,Gilbert,2006,432
1456,175000.0,178760.0625,0.021258379578112496,1647,2600,6,Gilbert,1999,460
1044,262280.0,256773.515625,0.02121811943641916,2329,3804,7,SawyerW,1990,514
1221,115000.0,112598.09375,0.021107156705836516,912,1824,5,NAmes,1964,288
27,134800.0,137644.46875,0.02088169556425079,900,1800,5,NAmes,1951,576
761,127500.0,124868.375,0.020856016795864463,864,1728,6,NAmes,1959,300
1204,213000.0,208609.125,0.02082978127381452,1630,3260,7,CollgCr,2000,451
606,205000.0,209303.203125,0.020773853895379446,1986,2754,7,NAmes,1965,486
51,177000.0,173384.625,0.02063722217278574,1470,2264,6,Gilbert,1997,388
696,176000.0,172423.453125,0.020530489196708857,1137,2249,6,Timber,1987,551
1455,185000.0,188815.5,0.020414413491437244,1221,2442,7,Somerst,2004,400
1436,174000.0,170504.0625,0.02029605795956968,1537,2856,6,NAmes,1962,462
156,79000.0,80617.2734375,0.02026483078812724,1096,1668,6,Edwards,1924,0
175,184000.0,180326.078125,0.020168889722425476,1651,3257,6,Timber,1986,616
438,119000.0,116627.171875,0.020141040426604917,904,1788,6,BrkSide,1926,180
734,131400.0,128782.28125,0.02012271508626462,1144,2008,5,Sawyer,1961,264
929,236500.0,241282.828125,0.02002151434355781,1788,3541,8,CollgCr,2001,522
34,165500.0,162225.375,0.019984500741360378,1700,3098,5,NAmes,1959,447
359,130000.0,127429.359375,0.01997212833769524,1352,2414,5,ClearCr,1958,288
641,274000.0,279494.09375,0.019852982757376125,1518,3036,8,NridgHt,2003,588
700,196000.0,192153.625,0.019819374799952882,1391,2782,7,Somerst,2004,530
1274,177000.0,173529.203125,0.019803716626777046,1357,2376,6,Edwards,1959,312
340,155000.0,151984.515625,0.01964634414641786,1215,2430,6,NAmes,1958,297
254,158000.0,161098.828125,0.01942286117757419,1302,2604,6,NAmes,1964,309
283,207500.0,211562.5,0.01938903089477151,1314,2628,7,NridgHt,2007,626
685,221000.0,216767.625,0.019336685936341524,1839,3034,7,NoRidge,1998,486
674,257500.0,262513.53125,0.01928283405098874,1839,3316,6,Crawfor,1957,416
817,137000.0,134388.484375,0.019246041300956307,1008,2016,5,NAmes,1954,275
45,141000.0,143734.84375,0.01921021401568801,1150,2300,5,NAmes,1959,300
1174,200500.0,204383.515625,0.01918386593532162,3086,4205,5,ClearCr,1946,0
571,142600.0,139908.640625,0.019053730451970452,1728,3456,5,NAmes,1965,576
374,123000.0,125364.6328125,0.019042044710326778,1319,1927,5,NAmes,1953,270
362,145000.0,147786.125,0.019032254810445792,1505,2388,5,BrkSide,1940,240
678,109500.0,111595.8671875,0.018959296121650482,792,1560,5,OldTown,1924,240
83,245000.0,240409.765625,0.018913308376744098,1563,3126,8,Somerst,2007,758
306,305900.0,300191.09375,0.01883893795006486,2000,4000,8,CollgCr,2004,888
1403,193879.0,190267.921875,0.018800961230928337,1294,2580,7,CollgCr,2006,662
148,222500.0,218389.640625,0.018646207306874274,2035,2919,7,Gilbert,2001,434
903,180000.0,176674.90625,0.018645390391547778,1509,2292,7,Gilbert,2003,393
255,145000.0,142328.21875,0.018597822885475068,1314,2628,5,NAmes,1957,294
1133,117500.0,119682.375,0.01840286984278805,2210,3218,6,OldTown,1880,205
1273,137000.0,134503.75,0.01838871066812864,935,1870,5,Sawyer,1965,288
728,194500.0,198106.046875,0.018370220950330918,1232,2464,7,CollgCr,2007,632
1284,139000.0,141557.4375,0.01823149034440874,1824,2736,6,Mitchel,1971,0
643,345000.0,351330.15625,0.018181928204237252,2704,4656,8,NAmes,1972,538
1022,194000.0,197558.71875,0.018177598364051306,1220,2419,7,CollgCr,2006,632
1250,119000.0,121151.3828125,0.017917218914671906,988,1864,5,NAmes,1950,276
1152,149900.0,152605.859375,0.01788999167252392,1466,2932,5,Edwards,1959,528
616,137500.0,135062.515625,0.017886035901799602,1054,1990,6,NAmes,1963,480
876,303477.0,298108.75,0.017847412933633677,2610,3794,8,Somerst,2007,550
880,136500.0,138912.6875,0.017520846416466895,864,1728,5,CollgCr,1978,336
1149,116900.0,114871.15625,0.017507597560591392,1111,1683,7,OldTown,1926,288
506,124500.0,126670.0234375,0.01727961101899922,1960,2920,5,OldTown,1952,400
230,192500.0,189204.859375,0.01726572316882624,1555,2928,7,Blmngtn,2005,430
425,139000.0,141400.390625,0.017121460753520168,1196,2392,6,NAmes,1956,297
923,169990.0,172918.953125,0.017083294247925096,1316,2632,6,Gilbert,2005,397
380,179000.0,175972.34375,0.017058864815698627,1800,2782,6,Gilbert,2000,463
676,148500.0,145994.453125,0.01701621398288289,1441,2296,6,NPkVill,1978,440
820,224000.0,220229.75,0.016974655815205963,1358,2716,7,NridgHt,2009,484
909,131000.0,133237.78125,0.016937909495922554,902,1766,5,Mitchel,1983,484
771,134900.0,132642.671875,0.016874802066686456,858,1716,5,Sawyer,1982,576
576,118500.0,116520.78125,0.016843180308576677,1216,2048,5,NAmes,1947,336
1231,190000.0,193224.234375,0.016827190651829582,2620,3981,5,Sawyer,1977,600
1410,215000.0,218639.71875,0.01678714970213413,2093,2884,7,NWAmes,1986,542
1034,230000.0,233882.265625,0.0167384692929744,1654,3308,7,CollgCr,2002,900
1067,178000.0,180956.953125,0.01647553284863612,1571,2370,6,Gilbert,1993,380
1290,281000.0,276423.40625,0.016420839580684188,1970,3055,8,NridgHt,2006,753
1114,134500.0,132325.90625,0.01629621049919905,1008,2016,5,NAmes,1953,240
671,173500.0,170703.859375,0.016247266323492937,1476,2214,6,CollgCr,2005,540
468,146500.0,148897.09375,0.016229883019368785,1644,2372,5,NAmes,1942,312
266,175500.0,172684.109375,0.01617498195578193,1422,2844,6,NWAmes,1981,576
1337,135000.0,137193.25,0.016115618974158252,1656,3312,5,NWAmes,1973,506
137,143000.0,145320.03125,0.016093680493298734,1214,2428,5,NAmes,1967,318
426,135000.0,137189.0625,0.016085096092131934,1389,2040,7,OldTown,1946,240
776,162000.0,159432.703125,0.015974326624885293,1204,2408,6,Mitchel,1998,412
1019,160000.0,162557.5625,0.01585825624794346,1472,1856,7,Gilbert,1991,402
995,337500.0,342858.21875,0.01575144867873668,1718,3418,10,NridgHt,2006,786
735,108000.0,109704.0625,0.01565502846281497,948,1896,5,Sawyer,1968,300
1354,410000.0,416437.53125,0.015579267961919996,3238,5271,8,NoRidge,1995,666
389,191000.0,193980.671875,0.015485016094142878,1479,2947,7,CollgCr,1999,577
635,144000.0,146241.65625,0.015447027179670059,1056,2112,6,OldTown,1980,576
890,149500.0,151824.140625,0.0154263862424866,1505,3010,6,NAmes,1953,505
1315,119000.0,120839.828125,0.015342313127598928,948,1896,4,Edwards,1954,280
275,124500.0,126399.109375,0.015138599019907772,816,1632,5,Mitchel,1982,264
630,168500.0,165985.203125,0.015037013295318147,1350,2598,6,NAmes,1964,520
877,132250.0,130281.078125,0.014999700645233816,1040,2104,4,Mitchel,1963,648
947,143000.0,140874.640625,0.014974103421687701,1144,2288,5,NAmes,1959,796
888,135500.0,137539.484375,0.0149392852219421,1393,2209,5,Edwards,1955,300
1428,140000.0,137925.140625,0.014931236423580074,1558,2471,5,NAmes,1945,288
464,188700.0,191537.78125,0.01492654939500504,1660,2375,6,Crawfor,1934,240
69,80000.0,81191.9375,0.014789132188205656,747,1494,4,OldTown,1945,220
84,126500.0,124669.546875,0.014575580346834371,1065,2130,5,NAmes,1960,461
928,176000.0,178573.140625,0.014514191785512054,1978,2810,7,NWAmes,1968,486
277,201000.0,203918.984375,0.014417800273593073,1560,3120,7,Mitchel,2003,573
705,213000.0,209952.34375,0.014411527119657208,1484,2957,7,CollgCr,2004,606
996,121600.0,123365.125,0.014411366826683647,1230,1977,4,BrkSide,1946,305
526,176000.0,178548.28125,0.0143749717091044,1266,2523,7,Somerst,2005,453
1310,179200.0,176666.984375,0.014235904305746061,1294,2572,6,SawyerW,1991,496
407,115000.0,113382.671875,0.01416343004403231,1639,2230,6,SWISU,1936,240
161,162500.0,164813.84375,0.014138529120726773,1232,2464,6,Veenker,1984,516
53,110000.0,111563.3046875,0.014111691653525327,816,1632,5,IDOTRR,1963,516
653,191000.0,193714.09375,0.014109827077119164,1716,2596,7,CollgCr,1996,512
1002,86000.0,84798.859375,0.014065039610077434,691,1382,5,OldTown,1920,216
848,133500.0,135386.84375,0.01403460771808085,864,1728,5,CollgCr,1972,338
981,178400.0,175923.6875,0.013977833985467925,999,1943,7,NAmes,1961,588
147,105000.0,106446.9921875,0.01368665568519134,875,1590,5,BrkSide,1931,180
393,106500.0,105052.4296875,0.013685299874946821,882,882,5,NAmes,1959,294
1283,150500.0,152554.484375,0.013558633158751832,1040,2080,5,CollgCr,1977,484
387,81000.0,79922.5625,0.013390791102592559,1184,1842,5,Edwards,1910,0
554,108000.0,106566.234375,0.013364391697184175,1126,1126,4,Edwards,1949,520
586,369900.0,374876.4375,0.013363736947308524,2028,3896,8,Timber,2005,880
610,118500.0,116928.09375,0.013353684599417548,1029,2058,4,Sawyer,1961,261
346,140200.0,142075.03125,0.013285238404407096,1577,2549,6,BrkSide,1939,312
44,130250.0,128539.828125,0.01321677567773527,938,1876,5,CollgCr,1975,308
779,144000.0,142117.171875,0.013161336175604887,2020,2020,5,SawyerW,1977,630
370,162000.0,164122.296875,0.013015447517041423,1287,2350,5,NAmes,1959,576
1161,146000.0,144121.09375,0.012952657401548606,1456,2311,6,NPkVill,1978,440
878,350000.0,345519.625,0.012883674103630227,2224,3686,9,NridgHt,2004,738
1024,191000.0,193470.578125,0.012851954971505819,1504,2850,7,Blmngtn,2005,437
655,350000.0,354496.875,0.012766339973730112,2113,4222,8,NoRidge,1995,839
958,132000.0,130333.8984375,0.012702218598228399,1057,2114,5,Sawyer,1962,576
1332,132500.0,134153.0,0.012398201228114303,954,1865,5,CollgCr,1976,576
803,189000.0,191356.671875,0.012391998432264018,1456,2184,7,CollgCr,2005,410
1398,137500.0,135821.109375,0.012285179576821292,1513,2452,5,BrkSide,1920,180
1095,129000.0,130585.09375,0.012212575194316955,936,1872,5,NAmes,1956,308
1172,163000.0,161026.9375,0.012178460981779438,1261,2522,6,NAmes,1958,433
1138,94000.0,92867.078125,0.012125449187529114,1020,1800,5,Sawyer,1875,0
465,124000.0,122511.359375,0.01207771233606536,1040,2080,5,CollgCr,1978,0
769,216837.0,214241.578125,0.012041615271412454,1836,3696,7,CollgCr,2004,484
680,128500.0,126961.9765625,0.012041165578619228,988,1976,5,Sawyer,1961,572
940,244400.0,247336.59375,0.011943860813129703,2403,3435,7,ClearCr,1940,349
846,171000.0,173028.484375,0.011792605450768434,1701,3091,5,Sawyer,1975,611
316,188500.0,186293.171875,0.011776318343621028,1432,2148,7,Gilbert,2004,432
256,230000.0,227311.640625,0.011757315351076159,2291,3266,7,Gilbert,1999,429
1139,196000.0,193730.71875,0.011645452315269367,1567,3134,6,Mitchel,1977,714
356,177500.0,175452.703125,0.011601034455351211,1200,2400,6,CollgCr,1995,521
1085,187500.0,185338.015625,0.011597513769984857,1498,2189,6,Gilbert,1995,409
1150,143000.0,144661.296875,0.011550415800456904,1482,2132,7,OldTown,1920,324
1365,144152.0,145802.578125,0.011385125074777847,1200,1720,7,Somerst,2005,480
1030,118000.0,116665.4375,0.01137419747832169,1218,1890,6,BrDale,1972,264
718,157000.0,158794.625,0.011365823300907962,1178,2354,5,NWAmes,1973,439
831,166000.0,167897.125,0.011363584224831413,1392,2784,6,NAmes,1957,458
131,226000.0,228569.421875,0.011304930824728388,2157,3081,7,NAmes,1966,487
617,183200.0,181147.921875,0.011264444976522014,1509,2292,6,Gilbert,2002,393
368,165000.0,163157.703125,0.011228168556657536,1431,2530,6,NAmes,1962,296
600,151000.0,149315.015625,0.011221489084221048,1556,2272,6,Blueste,1980,452
1102,119500.0,118167.828125,0.01121039079270858,950,1900,5,NAmes,1971,280
895,118858.0,120197.5625,0.011207146151159364,1535,1535,5,SawyerW,1979,400
422,215000.0,217408.59375,0.011140423918615028,1602,3204,6,NWAmes,1977,529
892,172500.0,174418.5,0.01106028359493827,1683,2601,6,Sawyer,1978,440
38,153000.0,154698.484375,0.011039967190683342,1297,2594,5,NAmes,1954,498
722,143000.0,144573.3125,0.010942025473216432,848,1696,6,CollgCr,2004,420
873,116000.0,114749.5078125,0.010838537446737462,910,1015,5,NAmes,1953,414
448,199900.0,197798.328125,0.010569221551380181,1886,2816,7,Gilbert,1998,431
1335,125000.0,123706.4296875,0.010402397529194474,1365,2130,5,BrDale,1970,440
237,185500.0,183580.640625,0.010400796278002389,1414,2828,7,CollgCr,2004,494
669,168000.0,169753.828125,0.010385276830419343,1437,2625,5,Sawyer,1956,576
908,250000.0,247438.75,0.010297799823884901,2057,3074,7,Crawfor,1936,180
799,485000.0,489992.8125,0.010241810682897423,3140,5066,9,NridgHt,2008,820
1075,194000.0,192029.0625,0.01021137839727082,1240,2480,7,CollgCr,2006,826
19,159000.0,157399.96875,0.01011400084286862,1114,2228,5,SawyerW,2004,576
233,94500.0,93553.6015625,0.010065176675588816,987,1470,6,BrDale,1972,288
345,85000.0,85856.078125,0.01002101040086778,1112,1648,5,MeadowV,1976,336
404,258000.0,255438.734375,0.00997695234948992,2263,3404,8,NoRidge,1998,420
62,101000.0,102012.53125,0.009975046017183686,1111,1641,5,IDOTRR,1920,288
1312,203000.0,200995.046875,0.009925664560913816,1274,2548,7,CollgCr,2005,508
628,153000.0,151493.9375,0.00989224876927075,1520,2676,6,NAmes,1955,364
937,184900.0,183082.34375,0.00987906721490539,1200,2376,7,SawyerW,2003,555
1355,235000.0,237283.71875,0.009670995580176367,1865,2857,7,CollgCr,2000,839
1313,302000.0,299105.1875,0.009631676144554291,2810,4263,8,NoRidge,1990,750
1111,188000.0,186200.09375,0.009620043078873763,1658,2431,6,Gilbert,1995,431
54,385000.0,381319.1875,0.00960652234875603,1842,3684,9,Veenker,1981,894
284,244600.0,246948.875,0.00955706925901012,1468,2936,8,Somerst,2008,898
605,221000.0,223105.578125,0.00948235970578537,1494,2988,7,CollgCr,2002,530
1306,325000.0,328085.21875,0.009448176636572825,1652,3304,9,NridgHt,2006,840
574,170000.0,168409.8125,0.009398012394218114,1430,1814,7,Gilbert,2000,400
1260,151000.0,152402.375,0.009244329367072979,1054,2108,6,NAmes,1969,460
1236,138887.0,140173.609375,0.009221002371003095,1784,2531,5,Crawfor,1914,180
409,280000.0,282565.46875,0.009120635929882326,2172,3235,7,NridgHt,2006,947
1105,106000.0,106970.6796875,0.00911559558149122,1302,1932,5,BrDale,1970,440
205,110000.0,111005.1640625,0.009096275204894866,1284,2004,5,OldTown,1947,240
988,395192.0,398792.96875,0.009070661311598727,1940,3870,9,NridgHt,2009,606
824,139500.0,138265.984375,0.008885284215766731,1489,2267,6,SWISU,1940,240
597,114504.0,115525.4921875,0.008881383086270844,1368,2052,6,OldTown,1910,216
1256,127500.0,126381.1484375,0.008813966682199137,1367,2251,6,BrkSide,1931,560
781,176000.0,174473.078125,0.008713495659202763,1253,2490,7,Gilbert,1995,402
392,215000.0,216878.453125,0.008699004351894857,1961,2765,6,Mitchel,2001,560
725,320000.0,317229.28125,0.00869617136645573,1698,3396,9,Edwards,2007,768
867,248900.0,246764.78125,0.008615594341154775,1646,3284,8,Timber,2006,870
965,214900.0,213073.828125,0.00853404719758366,1894,2711,7,Timber,2002,510
202,171500.0,170073.046875,0.008355185422594502,1279,2475,6,Mitchel,1977,473
302,267000.0,269238.34375,0.00834833401152224,2452,3480,8,CollgCr,1998,683
1071,135000.0,133879.859375,0.008331890501255046,1048,2096,5,NAmes,1956,286
1296,138500.0,139657.34375,0.008321492371679895,1052,2104,5,NAmes,1968,288
1342,155000.0,153727.53125,0.008243305720808891,1114,2228,6,SawyerW,2003,576
123,136000.0,137111.625,0.008140429746974931,1080,2160,6,NAmes,1958,288
944,143000.0,141848.9375,0.008081902593961132,1632,3264,5,Mitchel,1967,576
1407,133000.0,131932.265625,0.00806041569136795,768,1536,5,CollgCr,1972,396
613,261500.0,263565.84375,0.007868904692125867,1872,3171,8,CollgCr,2001,531
95,204750.0,203161.9375,0.007786301850567057,1786,2610,6,CollgCr,1997,684
594,140000.0,141089.890625,0.0077547316243382625,848,1696,6,CollgCr,2003,420
1197,219210.0,220895.703125,0.007660449278482417,1863,2742,7,Gilbert,2006,660
436,212000.0,210406.9375,0.0075427857296084255,1661,2460,7,CollgCr,1996,550
1125,163900.0,162697.453125,0.007364080361838887,1482,1866,7,Gilbert,1992,392
1151,124000.0,124894.9375,0.007191260493083718,932,1864,6,NAmes,1950,306
1308,138000.0,138995.375,0.007186922146173558,990,1980,5,CollgCr,1994,480
86,260000.0,258141.125,0.007175171821668158,2417,3705,8,NoRidge,1991,462
552,112500.0,113303.7578125,0.007119049707846159,928,1856,5,OldTown,1957,288
477,208900.0,207431.125,0.007056277805094879,1493,2971,6,CollgCr,1997,508
192,184000.0,182717.09375,0.006996698592761419,1479,2204,7,NAmes,1972,484
1122,212900.0,214375.25,0.00690537987772899,1552,3104,7,CollgCr,2005,782
788,233000.0,234590.859375,0.006804490194017632,2084,3040,7,SawyerW,2004,618
1202,197900.0,196584.984375,0.006666990536995598,1779,2645,7,CollgCr,1998,546
493,172785.0,173938.609375,0.006654331844178074,1456,2184,6,Gilbert,2006,429
984,255900.0,254211.953125,0.006618337045521727,2290,3418,8,CollgCr,2002,779
501,113000.0,112284.21875,0.006354438034488652,1218,1890,6,BrDale,1973,264
475,251000.0,252596.671875,0.00634107003945239,1652,3146,8,StoneBr,2000,499
795,194500.0,193282.46875,0.006279443086874892,1895,2607,7,Gilbert,1994,409
664,137500.0,138363.328125,0.00625907539266457,1181,2319,4,Edwards,1972,588
782,175900.0,174808.015625,0.006227298082219335,1603,2364,6,SawyerW,1992,484
1301,225000.0,223606.15625,0.006214101174299103,1983,2961,7,Gilbert,1999,490
11,129500.0,128704.5625,0.0061612687811845035,1040,2080,5,Sawyer,1965,384
318,270000.0,268350.875,0.006126576953136009,1959,3047,8,Somerst,2006,1025
906,128000.0,128780.9375,0.006082490645811234,1063,2119,5,NAmes,1954,280
252,235000.0,236431.453125,0.0060727872181800535,1625,3198,8,Crawfor,2006,538
185,127000.0,127772.40625,0.006063471035973933,1252,1756,5,BrkSide,1908,576
442,118000.0,117287.4921875,0.006056453977702603,1440,2880,4,Edwards,1955,0
747,236000.0,234583.25,0.006021243888957528,2256,3208,7,Gilbert,2000,554
687,227875.0,226509.890625,0.006008595363260483,1761,2635,7,Somerst,2007,578
884,118500.0,119199.0625,0.0058818796018247355,2230,2544,4,SWISU,1912,440
1107,179900.0,178848.390625,0.005862641070299546,1442,2352,7,SawyerW,1990,719
58,196500.0,195390.8125,0.005660682852338894,1720,2580,7,CollgCr,2004,565
994,173900.0,174883.546875,0.005639852286657643,1500,2250,6,CollgCr,2005,564
515,96500.0,95957.7734375,0.005634715114295474,789,1557,5,Crawfor,1926,200
924,193000.0,191952.515625,0.005442133643040137,1617,3221,6,SawyerW,1993,533
1072,154000.0,154833.828125,0.005399827838205695,1556,2283,6,NWAmes,1968,441
713,189000.0,190017.140625,0.00536723852559895,1228,2456,8,StoneBr,1988,472
661,197900.0,198956.53125,0.005324485492293363,1935,2728,7,NWAmes,1976,550
1082,133000.0,133707.609375,0.005306228275376412,1040,2080,5,Sawyer,1963,308
88,164500.0,165371.84375,0.00528593458705906,1224,1836,6,Somerst,2009,528
1401,120000.0,119384.84375,0.0051394437089218314,1158,2020,6,BrkSide,1929,208
757,212000.0,210933.125,0.005045110703173705,1768,2634,8,CollgCr,2007,578
603,220000.0,218898.0,0.005021655574218187,1915,2823,8,SawyerW,1992,506
21,325300.0,323674.0,0.005010981615329868,2376,3534,8,NridgHt,2005,853
548,129500.0,128862.5078125,0.004934837889416954,768,1536,5,Mitchel,1970,624
390,426000.0,428101.21875,0.004920302237410468,2332,4014,10,NridgHt,2007,846
158,269500.0,270793.15625,0.004786860308945151,1968,2742,8,Timber,2009,680
651,205950.0,204990.8125,0.00466823710133113,1665,2478,7,Somerst,2007,562
217,210000.0,210920.65625,0.00437447452386408,1436,2872,7,CollgCr,2004,484
1251,244000.0,245065.203125,0.004356067234008165,2110,4220,7,NAmes,1968,522
604,151000.0,150346.96875,0.004334060109275839,1200,1800,7,Somerst,2004,480
684,285000.0,283774.21875,0.004310247536125189,1668,3294,9,CollgCr,2002,702
1460,147500.0,146874.109375,0.004252325838912441,1256,2512,5,Edwards,1965,276
791,160200.0,160879.265625,0.004231119726339827,1145,2290,7,Blmngtn,2005,397
1206,271900.0,273042.78125,0.004194123751656065,2196,4354,7,SawyerW,1990,701
1324,82500.0,82155.046875,0.004189964975171989,708,1128,4,BrkSide,1940,0
963,155000.0,155620.359375,0.0039943048597024244,1548,2352,6,NPkVill,1976,440
527,132000.0,132525.203125,0.003970886993169387,928,1856,5,NAmes,1956,252
815,116000.0,115553.0390625,0.0038605205433732692,1250,1936,5,Edwards,1918,280
979,110000.0,110423.4921875,0.0038425021022998607,894,1788,4,Edwards,1954,400
952,119900.0,119474.2578125,0.003557099942145925,965,1793,5,SawyerW,1965,300
978,199900.0,199222.34375,0.003395718210512655,1241,2482,7,Somerst,2006,569
1425,144000.0,143516.234375,0.0033651158338887655,1344,2368,5,NAmes,1958,484
732,187500.0,186891.609375,0.003250008254834569,1146,2014,7,Timber,2003,438
657,145500.0,145030.671875,0.003230814147094918,1053,2106,5,NAmes,1959,312
1446,129000.0,129415.859375,0.0032185061434120144,913,1727,6,Sawyer,1966,240
1100,157000.0,157476.546875,0.00303071382452913,1601,2872,7,NWAmes,1978,478
301,157000.0,157464.078125,0.0029515327355511545,1336,2501,5,Crawfor,1953,375
591,185900.0,185352.6875,0.002948449756603466,1582,2352,7,CollgCr,2004,520
1121,118400.0,118054.96875,0.0029183449039571485,1012,2024,6,IDOTRR,1920,308
261,176000.0,175513.609375,0.0027673930968923344,1382,2744,6,NAmes,1962,884
968,135000.0,134628.609375,0.0027548123021645665,1098,2196,5,NAmes,1955,260
271,266000.0,266713.125,0.0026773237421302554,1939,3034,8,Somerst,2006,1053
499,130000.0,129668.8671875,0.002550405408017653,899,1763,5,Sawyer,1967,288
828,189000.0,189476.796875,0.002519544720426481,1434,2888,7,SawyerW,2001,527
1458,266500.0,267170.875,0.0025141819448464275,2340,3492,7,Crawfor,1941,252
430,175000.0,175414.890625,0.0023679841352937103,1412,2804,6,Timber,1988,576
1091,92900.0,92697.8984375,0.0021778206139178025,1040,1040,3,NAmes,1950,400
980,139000.0,139292.625,0.0021029878521439116,1121,2242,5,Sawyer,1963,480
593,138000.0,138282.984375,0.002048496950337153,816,1632,5,Mitchel,1982,816
839,144000.0,143708.25,0.0020280827672998214,1099,2198,5,CollgCr,1995,352
585,133000.0,133250.484375,0.0018815557682856365,1573,2457,4,BrkSide,1935,240
1211,189000.0,189350.703125,0.0018538428431611464,1845,2900,6,SawyerW,1992,462
1,208500.0,208118.109375,0.0018332803595644265,1710,2566,7,CollgCr,2003,548
985,126000.0,125769.515625,0.0018309016316919724,1734,1734,5,Mitchel,1977,539
76,91000.0,90836.390625,0.0017995035986402286,988,1450,4,MeadowV,1973,297
1083,192000.0,191690.734375,0.0016120487268427297,1459,2918,7,CollgCr,2002,527
187,173000.0,173276.015625,0.0015941854290577595,1217,2405,7,Mitchel,1990,497
1209,140000.0,140214.65625,0.0015320737522195316,1283,2214,5,NAmes,1962,506
1423,136500.0,136688.75,0.001381818601352336,848,1696,6,CollgCr,2003,420
429,195400.0,195653.734375,0.0012976892463321121,1208,2416,7,CollgCr,2007,628
1037,315500.0,315098.4375,0.001273587934289111,1620,3240,9,Timber,2007,912
900,135000.0,135166.890625,0.0012354542067498642,1236,2148,5,Sawyer,1961,288
503,140000.0,139831.40625,0.0012049581403310583,1214,2428,5,Edwards,1965,461
811,181000.0,180783.59375,0.0011963233448124555,1309,2349,6,NWAmes,1974,484
122,100000.0,99889.640625,0.0011041921099632646,1123,1855,4,IDOTRR,1939,264
396,129000.0,128880.328125,0.0009281123251874135,1144,2288,5,Edwards,1956,596
476,132500.0,132620.28125,0.0009073643881265525,970,1940,5,Sawyer,1963,624
434,181000.0,180876.375,0.0006832406319343676,1604,2530,6,Gilbert,1997,470
572,120000.0,119930.890625,0.0005760725570489456,864,1728,6,NAmes,1959,288
543,213250.0,213183.796875,0.00031049516019621137,1680,3330,7,NWAmes,1998,583
709,179540.0,179595.484375,0.00030898682457447535,1456,2184,7,Gilbert,2007,400
461,263435.0,263515.59375,0.0003058861521303413,1935,2767,8,Somerst,2009,552
1262,128900.0,128867.0546875,0.0002556188346147792,1050,2100,5,NAmes,1956,338
853,164000.0,164039.828125,0.00024282345592041565,1646,2564,7,Crawfor,1941,240
1434,186500.0,186544.546875,0.000238827436334077,1792,2728,6,Gilbert,2000,451
211,98000.0,98020.1953125,0.00020605128454143085,864,1728,5,Edwards,1925,0
1065,154000.0,154029.40625,0.00019093020706861807,1154,2308,5,NAmes,1966,480
97,214000.0,213960.015625,0.0001868594578802174,1588,3176,7,CollgCr,1999,472
855,170000.0,170010.125,5.9556699650187284e-05,1779,3542,5,Sawyer,1955,454
