Id,SalePrice,Prediction,AbsLogError,GrLivArea,TotalSF,OverallQual,Neighborhood,YearBuilt,GarageArea
633,82500.0,177733.31795591523,0.7674794250287977,1411,2797,7,NWAmes,1977,544
31,40000.0,85140.47275126513,0.7554098044436142,1317,1966,4,IDOTRR,1920,250
463,62383.0,122806.50718761879,0.6773093150538916,864,1728,5,Sawyer,1965,360
1325,147000.0,284910.95493668935,0.661740813016543,1795,3590,8,Somerst,2006,895
496,34900.0,64548.486928849605,0.6149166867381446,720,1440,4,IDOTRR,1920,0
971,135000.0,75848.06298886266,0.576536833575938,1192,1912,4,NAmes,1949,0
89,85000.0,48018.3219633887,0.5710595503130254,1526,2026,3,IDOTRR,1915,0
917,35311.0,59771.206556748075,0.5263179301030902,480,960,2,IDOTRR,1949,308
689,392000.0,238403.84786151187,0.4972941208336117,1419,2838,8,StoneBr,2007,567
411,60000.0,97866.8287133244,0.48925665302562926,1276,2552,5,Edwards,1958,350
969,37900.0,61351.316358290074,0.4816554299309388,968,1568,3,OldTown,1910,0
589,143000.0,230214.6528122164,0.47616486731149976,1473,2910,5,ClearCr,1968,452
813,55993.0,89625.0707187054,0.47040170336284604,1044,1584,5,IDOTRR,1952,504
1433,64500.0,100508.77680934302,0.4435742768950668,968,1624,4,OldTown,1927,216
534,39300.0,58982.38742817569,0.40600587139964084,334,334,1,BrkSide,1946,0
1454,84500.0,126708.42217347735,0.4051330819595318,1140,2280,5,Mitchel,2006,0
711,52000.0,76423.48939371693,0.38504023744675386,729,999,3,BrkSide,1935,0
682,159434.0,109367.98707994039,0.37690894775618666,1520,2313,5,SWISU,1932,281
67,180000.0,255597.0081554494,0.350643523223626,2207,4154,7,NAmes,1970,576
561,121500.0,172163.27272441046,0.34852660180020933,1392,2784,5,Sawyer,1957,528
582,253293.0,357408.05524165137,0.3443300694389553,2042,4084,8,NridgHt,2008,1390
875,66500.0,92812.0717729907,0.33337050435238424,1131,1807,5,OldTown,1941,200
715,130500.0,181109.60315811186,0.32772702224355577,1479,2204,6,Sawyer,1976,475
775,395000.0,287031.72344752506,0.31929206830261236,1973,3908,8,NridgHt,2006,895
432,79900.0,109216.66827542774,0.31255447927857993,1198,2099,6,OldTown,1920,0
480,89471.0,122067.23280472678,0.3106544465048877,1131,2038,4,OldTown,1937,672
667,129000.0,175928.2093507502,0.31026153825853164,2380,3401,6,NAmes,1965,596
1063,90000.0,122673.02345202502,0.3097098401164988,2337,2999,5,OldTown,1900,560
1424,274970.0,202704.6434219043,0.3049107432373894,2201,2898,6,Edwards,1966,432
489,160000.0,117998.26747864785,0.3045016485759682,2414,3368,5,OldTown,1900,520
1212,164000.0,222354.95749900717,0.3044069845705497,1752,2311,8,Gilbert,1988,492
458,256000.0,189848.29625634453,0.2989507708914214,1663,3027,4,ClearCr,1954,529
1182,392500.0,291118.96208175656,0.29880366193555297,1652,3252,8,Crawfor,2008,482
530,200624.0,269390.58484721987,0.29472853295681745,2515,4550,6,Crawfor,1957,484
143,166000.0,124043.1048461986,0.2913566258268556,1385,2295,5,NAmes,1952,720
629,135000.0,179359.69075191574,0.28411662470184496,2080,3120,5,NAmes,1969,504
729,110000.0,146020.6091892749,0.28326516224174547,1776,3360,5,NAmes,1958,888
218,107000.0,80838.83249129547,0.2803683597810931,1328,2014,4,OldTown,1925,210
590,79500.0,105165.91016543878,0.27977910847369714,935,1521,5,BrkSide,1930,308
278,141000.0,107102.84892772566,0.2749680680431208,864,1728,4,Gilbert,1951,400
14,279500.0,213746.16538636113,0.2682120240277044,1494,2988,7,CollgCr,2006,840
1346,108500.0,83304.84883883751,0.26424062866829345,960,1920,4,OldTown,1920,308
186,475000.0,365223.7274248891,0.262804053598348,3608,4143,10,OldTown,1892,840
1213,113000.0,87363.87924334357,0.25730330564928217,672,1344,4,Edwards,1941,234
219,311500.0,242317.4195036575,0.25114990414954086,1954,2752,7,Crawfor,1939,431
659,97500.0,125304.07807455829,0.25088875405022293,1458,2370,6,NAmes,1948,330
379,394432.0,307472.4561440643,0.2490605285898777,1856,3712,9,StoneBr,2010,834
773,107000.0,137102.53964831552,0.24789822402612316,1117,2146,6,Edwards,1976,672
309,82500.0,105453.57084955636,0.245469837637474,861,1722,4,Edwards,1940,539
155,125000.0,97877.13840178335,0.24459851806566846,1200,2400,6,OldTown,1923,312
329,214500.0,168056.7221653263,0.24400689565276323,2134,2978,6,BrkSide,1916,441
1405,105000.0,82330.67142677392,0.2432140112654615,1214,1886,3,OldTown,1915,936
198,235000.0,299619.3539306078,0.24292641689924643,3112,4080,8,NAmes,1918,795
98,94750.0,120082.7254640963,0.23693681369829633,960,1920,4,Edwards,1965,432
804,582933.0,461255.03483128594,0.23412069348065323,2822,4556,9,NridgHt,2008,1020
1387,250000.0,315326.4154703091,0.2321465953459434,2784,4176,7,NWAmes,1978,564
452,280000.0,222223.64716958208,0.23110438018199986,1533,3066,7,ClearCr,1975,576
712,102776.0,81620.21265851206,0.2304724053430487,1178,2037,4,IDOTRR,1900,384
739,179000.0,142376.0325895811,0.22891269444227547,1200,2400,5,Edwards,1987,0
94,133900.0,167971.34510417565,0.22669863244885846,2291,3505,6,OldTown,1910,506
455,188000.0,149887.59939734516,0.22655493446934116,1728,3456,5,Mitchel,1976,560
1123,112000.0,89341.53006302126,0.22603016481609117,960,1632,4,Edwards,1956,288
440,110000.0,137691.82338617794,0.22453582996881138,1196,1880,6,Edwards,1920,528
262,276000.0,344907.7280510755,0.22287533675746118,2574,4056,8,CollgCr,2007,868
1338,52500.0,65605.29051463914,0.22283936630892853,693,1386,4,OldTown,1941,0
717,159500.0,197983.228855811,0.2161371834810275,2554,3272,7,OldTown,1890,704
1047,556581.0,449258.7080555613,0.21421337446379063,2868,4860,9,StoneBr,2005,716
108,115000.0,93199.57465766277,0.21018693645032904,789,1578,5,OldTown,1948,250
614,147000.0,119171.678348556,0.20986586960298403,1120,2240,5,Mitchel,2007,0
1416,175900.0,216893.6649705988,0.20949048403080717,1569,2955,7,Blmngtn,2007,660
973,99500.0,122643.74188075664,0.20912420449283253,918,1836,6,SawyerW,1979,264
1045,278000.0,342129.6272644196,0.2075679043969494,2524,5048,8,NWAmes,1981,542
1384,112000.0,137765.5010828664,0.20705243110735694,1416,2232,5,Sawyer,1918,576
138,171000.0,210325.2076660833,0.2069902908862069,1959,3866,7,Mitchel,1988,766
474,440000.0,357919.3317959202,0.2064665748842085,1976,3952,8,NridgHt,2006,908
239,318000.0,259017.86393319408,0.20515363466313374,1694,3388,8,NridgHt,2007,818
897,106500.0,86758.49369940991,0.20501452448045576,951,1902,4,IDOTRR,1936,327
536,107500.0,131604.37543095948,0.20230771494679267,1347,2464,5,Edwards,1910,0
4,140000.0,171366.18576886886,0.20215897413787864,1717,2473,7,Crawfor,1915,642
899,611657.0,499844.97312210937,0.2018733055747468,2364,4694,9,NridgHt,2009,820
274,139000.0,170083.246276883,0.20181275328300607,1632,2872,6,NAmes,1958,338
1345,155835.0,190675.78008845914,0.20177557151329317,1456,2184,7,CollgCr,2006,440
810,106000.0,129638.86645510644,0.20131182012192994,2138,2987,5,OldTown,1898,360
1140,144000.0,117895.3622094373,0.20001429181081676,1167,2082,5,BrkSide,1920,495
865,250580.0,205449.0996713392,0.1985790410849031,1372,2744,7,Somerst,2007,529
886,328900.0,269833.53926713427,0.19794784000838028,1709,3407,9,Somerst,1999,506
1023,87000.0,105979.78425571685,0.1973381842309081,1248,2160,5,OldTown,1930,160
319,260000.0,316706.865056462,0.1972943104805065,2646,3993,7,NoRidge,1993,656
943,150000.0,123279.19906091501,0.19618215502447356,1440,2880,4,Edwards,1977,0
560,234000.0,192534.60017267446,0.19504431626160645,1557,2931,7,Blmngtn,2003,420
272,241500.0,199191.03590262635,0.1926042499280456,1363,2748,7,ClearCr,1954,439
18,90000.0,108967.84756767473,0.19124125786885848,1296,1296,4,Sawyer,1967,516
366,147000.0,121734.61580259303,0.18858777985227704,1344,2016,5,IDOTRR,1920,468
663,110000.0,132817.91071517466,0.18849717020790102,1392,2784,6,NAmes,1968,576
93,163500.0,135413.55749894734,0.1884782370644036,964,1840,5,Crawfor,1921,432
547,210000.0,173985.2429426369,0.1881360600701143,1635,2700,6,BrkSide,1923,440
1032,197000.0,237574.96341773297,0.18727861343704255,3082,3509,7,SWISU,1920,672
224,97000.0,116890.32535744875,0.18652337232837723,864,1728,4,NAmes,1971,576
608,225000.0,186895.2610885627,0.18555113725417627,2008,2904,5,Edwards,1948,230
750,98000.0,81465.0531832857,0.18479127458256706,1529,1529,4,Edwards,1945,240
394,100000.0,83206.46388529407,0.1838431319748608,788,1576,4,BrkSide,1941,0
49,113000.0,94095.14253642964,0.1830796157162844,1452,2188,4,OldTown,1920,0
1183,745000.0,620363.8004057138,0.18307786790245117,4476,6872,10,NoRidge,1996,813
349,154000.0,184916.1309638286,0.1829486880878033,1626,2390,7,NridgHt,2003,474
1066,328000.0,273569.7001437278,0.18145656726409953,2260,3566,7,ClearCr,1996,533
1379,83000.0,99441.68358052691,0.18072877785361285,987,1470,6,BrDale,1973,264
1271,260000.0,217041.44653747918,0.18059253658640984,1524,2856,7,ClearCr,1979,586
1184,120000.0,143621.72782465327,0.17968983976923703,1130,2250,5,OldTown,1920,720
521,106250.0,88825.6385983886,0.17911763029699834,1294,1294,4,OldTown,1900,0
844,141000.0,117883.69383165712,0.1790600067468464,1800,3600,5,NAmes,1961,0
677,87000.0,104050.07623012661,0.1789622833385689,1774,2869,4,OldTown,1900,779
998,185000.0,154834.99099203254,0.17799479638888904,1442,2884,6,NWAmes,1970,615
745,180000.0,214956.08763823088,0.17747600939579655,1337,2674,8,StoneBr,1993,462
1027,167500.0,140333.860750302,0.1769578922350874,1264,2532,5,NAmes,1960,461
378,340000.0,284895.3646439127,0.1768230774725268,2466,4046,8,Somerst,2004,610
1381,58500.0,69815.05515738671,0.17682015179123667,864,1728,3,Edwards,1914,200
823,225000.0,188558.72501125024,0.1766900463742349,1733,2580,7,Gilbert,2003,433
71,244000.0,291090.22287238884,0.17646437506236623,2223,4446,7,NAmes,1973,516
331,119000.0,141916.4557282836,0.17611369445654645,1728,3456,5,NAmes,1964,352
107,100000.0,83896.32933093587,0.17558640454563346,1047,1688,4,OldTown,1885,273
47,239686.0,285670.5533833465,0.17550883063294087,2149,3583,7,Mitchel,2003,670
748,265979.0,223236.60417745594,0.17518442417103763,2640,3880,7,OldTown,1880,864
117,139000.0,116669.36969356387,0.17512852180723115,1092,2184,5,Sawyer,1962,288
457,98000.0,82299.74749789265,0.17459749245942824,1344,1968,5,OldTown,1916,513
941,150900.0,179570.70575472264,0.17395061045904825,1728,3456,6,Mitchel,1976,574
1001,82000.0,68912.14851600249,0.17388444772379863,944,944,3,Edwards,1952,528
1093,136500.0,162318.15588320623,0.17323255457328735,1694,2875,6,SWISU,1925,576
1441,191000.0,227024.69194510113,0.17278452781686227,2555,2759,6,Crawfor,1922,672
419,126000.0,106029.28169905522,0.17256511370740668,1134,1890,5,Edwards,1940,240
1081,145000.0,172260.62202409678,0.1722737405071353,1258,2516,6,NWAmes,1971,528
1186,104900.0,124537.60910868662,0.17159873290706962,1221,2005,5,Edwards,1924,392
772,102000.0,120969.70208680493,0.17056576760638364,1220,2056,4,Edwards,1951,396
413,222000.0,262814.80073886184,0.16877152301350762,1478,2948,7,Somerst,2009,484
550,263000.0,222255.52602223706,0.16832559705935068,2094,3006,7,Somerst,2003,615
381,127000.0,150252.39493303793,0.1681282079449158,1691,2717,5,SWISU,1924,308
631,124000.0,104854.83635538787,0.16770321043307135,1750,2386,5,OldTown,1880,240
483,155000.0,183284.41356135986,0.16761300630681042,1826,2736,7,OldTown,1915,164
1050,84900.0,100347.75833853192,0.1671658300467449,930,930,4,Edwards,1946,308
936,79900.0,94362.84460860965,0.166369629421542,747,1347,4,BrkSide,1926,528
1444,121000.0,102491.12458847946,0.16601284768189295,952,1904,6,BrkSide,1916,192
1144,80000.0,94434.20002475724,0.16587475067081492,1006,2012,5,Sawyer,1959,0
1394,163000.0,138280.2532086759,0.1644666579109817,1912,2394,6,OldTown,1905,672
1350,122000.0,143712.69730567804,0.16379386588052824,2358,2837,8,OldTown,1872,0
1329,256000.0,217463.5738842868,0.16314539215230361,2792,4302,6,OldTown,1920,520
1245,230000.0,195526.76519067766,0.162381265962809,1517,2309,8,Crawfor,1929,400
243,79000.0,92904.47309796019,0.16212204733362512,1440,1980,5,OldTown,1900,352
57,172500.0,202860.49409828387,0.1621204175341635,1739,2709,8,Somerst,1999,480
276,205000.0,174351.00038180564,0.1619386107509051,1548,2500,7,BrkSide,1925,672
964,239000.0,280923.1154999464,0.16161684523845565,1800,3600,9,CollgCr,2007,702
636,200000.0,170476.00635442173,0.1597219389977731,3395,4320,6,SWISU,1914,0
1179,154900.0,132107.58603272488,0.15916199730108893,1343,2074,5,Crawfor,1921,186
77,135750.0,115869.87240415724,0.1583459231254416,952,1904,4,NAmes,1956,283
1240,265900.0,227026.0850627339,0.15805473123361935,1484,2960,8,Timber,2006,472
20,139000.0,118753.78913066314,0.15742035572650614,1339,2368,5,NAmes,1958,294
297,152000.0,129896.38424560921,0.15714231297556935,1558,2468,5,IDOTRR,1950,282
226,112000.0,95761.6494964119,0.15663507086851602,1302,1932,5,BrDale,1971,280
809,159950.0,136807.82927349483,0.1562829737510647,1086,2110,5,NAmes,1966,484
1146,149000.0,127488.26240248169,0.15592087273138056,1576,2618,5,BrkSide,1928,225
209,277000.0,237009.88705535003,0.15591503926665773,2062,3219,7,SawyerW,1988,454
1360,315000.0,367260.0631252291,0.15349712541128824,1980,3960,9,NridgHt,2004,770
372,134432.0,115311.0021413294,0.15342441691241504,1588,1588,4,ClearCr,1959,680
152,372402.0,319721.8112731166,0.152522195582927,1710,3420,8,NridgHt,2007,866
1280,68400.0,79624.47582124606,0.15194664524682722,1128,1826,4,IDOTRR,1920,528
508,208300.0,178962.48861024046,0.15180233823281242,1218,2436,6,Somerst,2009,676
670,137500.0,118135.75369694407,0.15178830674721056,1180,1880,4,Crawfor,1922,252
490,86000.0,100080.86999155117,0.1516296268587496,630,1260,4,MeadowV,1970,286
569,316600.0,272124.900329743,0.15137747793701983,2132,3628,8,SawyerW,1983,612
896,140000.0,162855.94473862986,0.1512226103743668,1796,2576,6,NAmes,1963,483
856,127000.0,147598.24178564252,0.15030581475619798,1040,2080,5,Sawyer,1962,260
402,164990.0,191745.04803466896,0.15028090308791064,1310,2620,7,CollgCr,2005,400
1069,151400.0,175871.57946826785,0.14982780654257688,2521,3463,6,MeadowV,1973,576
446,127500.0,148080.55800776236,0.14963898189714975,1689,3125,6,Edwards,1956,480
140,231500.0,199334.0765481756,0.1495969827021426,1764,2692,6,CollgCr,1997,470
1363,104900.0,121795.57274686439,0.1493351682673385,1738,2453,4,NAmes,1920,368
1268,378500.0,326251.4750737234,0.14854716984094374,2018,4020,9,Timber,2008,746
916,75000.0,86992.87510798936,0.14833626833796387,1092,1638,4,MeadowV,1970,286
1073,91500.0,106107.82969141068,0.14811536143950121,1456,2266,5,Edwards,1948,280
400,241000.0,208093.15072056052,0.14681045787738434,1550,2642,7,Somerst,2006,438
1248,169900.0,146708.5272654986,0.14676128756714668,1034,2046,6,Mitchel,1976,888
692,755000.0,652686.8765843573,0.1456200425368781,4316,6760,10,NoRidge,1994,832
826,385000.0,445241.5346265049,0.14537322364147975,2084,4162,10,NridgHt,2007,1220
1219,80500.0,69622.71141114147,0.14516441619133502,912,912,4,BrkSide,1947,0
39,109000.0,126006.98375911982,0.14498821161274833,1057,2114,5,NAmes,1953,246
1031,160000.0,138460.82301947073,0.1445854236530657,1928,2614,5,SWISU,1916,0
1128,259000.0,224428.30235673834,0.14327117665996703,1530,3060,7,Gilbert,2004,630
1029,105000.0,121174.22403694715,0.14326775667906588,1376,2144,5,NAmes,1941,240
427,275000.0,238394.81324222233,0.1428423608900431,1644,3162,7,SawyerW,1989,569
945,137500.0,158594.92215574684,0.1427284075605204,1344,2163,6,Timber,1958,525
1057,185850.0,214325.03075266394,0.14255308643851627,1364,2728,7,NridgHt,2005,484
1323,190000.0,219069.74778029008,0.1423653915678731,1923,2673,7,NoRidge,1992,564
1021,176000.0,152658.52930287732,0.14227953377818991,1132,2264,4,Edwards,2005,451
999,91000.0,78966.9749523797,0.14182810553888991,1077,2084,3,IDOTRR,1922,210
79,136500.0,118485.29524245998,0.141534638680886,1768,3536,4,Sawyer,1968,0
637,60000.0,52085.79228113416,0.14144981920886934,800,1064,2,BrkSide,1936,0
539,158000.0,137168.2390289973,0.14138587729485685,1159,2210,5,Sawyer,1968,336
638,93000.0,107096.84503740608,0.14113261043503122,1387,2198,5,OldTown,1954,256
991,348000.0,302274.3368398043,0.1408670399250056,2392,3788,8,NoRidge,1997,870
176,243000.0,211072.9133059605,0.14085718639483247,2158,3360,6,Edwards,1950,576
889,268000.0,308521.92897513317,0.14080545280487122,2217,4434,8,NAmes,1970,621
227,290000.0,251943.29422051046,0.1406763628557144,2520,3723,7,NoRidge,1995,721
1087,83500.0,96052.63950070881,0.14004817239413114,1092,1638,4,MeadowV,1973,286
602,141000.0,122594.90552525899,0.13987335662790734,1375,2155,6,IDOTRR,1937,544
1169,235000.0,204435.80633296625,0.13933085721323835,2108,3235,6,Edwards,1935,540
1438,394617.0,343293.37856359256,0.13932988273757552,1932,3864,8,NridgHt,2008,774
5,250000.0,287312.29502807907,0.13910832282807384,2198,3343,8,NoRidge,2000,836
1291,180500.0,157164.28920395812,0.13843826890065003,1152,2304,5,NAmes,1964,484
8,200000.0,229576.24012957202,0.13791716464081283,2090,3197,7,NWAmes,1973,484
41,160000.0,139412.51624953476,0.13773561140503077,1324,2412,6,NAmes,1965,440
681,143000.0,124614.509027426,0.1376185541098227,923,1846,6,SawyerW,1980,264
716,165000.0,143834.98913216614,0.13727784838506452,1350,2414,6,NWAmes,1974,478
1203,117000.0,134208.66222482943,0.1372207388707274,1348,2232,5,BrkSide,1925,216
558,108000.0,94175.83085789756,0.13696629193319154,1336,1973,4,IDOTRR,1920,570
1132,93500.0,107059.3075830857,0.1354201665337449,974,1948,5,Mitchel,1991,0
399,67000.0,76712.02087656893,0.13536391302242023,1077,2038,5,IDOTRR,1920,338
154,235000.0,205317.1928013464,0.13502883366458285,1252,2854,6,ClearCr,1960,564
926,175000.0,152960.2418294528,0.13460712026787292,1126,2252,5,NWAmes,1977,540
191,315000.0,275383.0800478608,0.13440903545273208,2727,3580,8,Crawfor,1932,440
730,103000.0,90063.67856095884,0.1342106340185314,1208,1628,4,IDOTRR,1925,539
510,124500.0,142351.83692400792,0.13399499474121868,1041,2082,5,NAmes,1959,270
333,284000.0,324644.9023775556,0.13375729793145474,1629,4835,8,NridgHt,2003,880
708,254000.0,222211.2359087363,0.13370526123324566,1324,2648,8,NridgHt,2006,550
304,149900.0,131165.52461747965,0.13350737997873274,894,1788,5,CollgCr,1972,552
559,175000.0,199948.59086872253,0.13327360092990226,1446,2175,7,Gilbert,1996,406
790,187500.0,214175.4334286801,0.13301595188991655,2087,2919,6,ClearCr,1966,444
1099,128000.0,112119.62290731216,0.13246279438807207,1324,1996,4,BrkSide,1936,240
1038,287000.0,251407.27025972158,0.13240750764233766,2263,3318,8,CollgCr,2001,905
1076,219500.0,192815.0371661018,0.12962022927424677,1740,2540,7,Crawfor,1940,240
1235,130000.0,114215.83191806011,0.12944346654719752,1964,2904,5,SWISU,1911,0
59,438780.0,499231.49017868354,0.12907147187510581,2945,4355,10,StoneBr,2006,641
287,159000.0,180889.65366758814,0.12898223381764495,1734,2646,6,NAmes,1962,440
245,205000.0,233190.62766714842,0.1288456947146539,2110,3058,7,SawyerW,1994,463
431,85400.0,97142.52036564465,0.12883166605709384,987,1470,6,BrDale,1971,264
121,180000.0,158302.43649210953,0.12844873104804755,988,1926,6,ClearCr,1969,540
1141,139000.0,122262.08980144092,0.1283059306860359,952,1904,5,NAmes,1951,840
130,150000.0,131947.90181641435,0.12822722055116742,1053,2061,5,NAmes,1958,750
627,139900.0,123066.53049086538,0.12820179651622254,1422,2400,5,NAmes,1960,286
1127,174000.0,197774.19893500058,0.12806998044775675,1555,2928,7,Blmngtn,2007,660
132,244000.0,214746.85748001857,0.12770773964102133,2054,3046,6,Gilbert,2000,390
163,220000.0,249936.0244135927,0.12757689198731725,1541,3082,7,NridgHt,2005,532
842,157500.0,138692.95748035383,0.12716204647047746,1539,2189,5,OldTown,1904,686
746,299800.0,340383.1432116914,0.12695589158486698,2715,3857,8,NWAmes,1976,831
744,175000.0,154216.65641954384,0.1264267302493991,1464,1984,5,Sawyer,1963,480
922,145900.0,165449.86868173105,0.12574597525743236,2200,3472,5,Edwards,1900,0
208,141000.0,124363.42867036152,0.12555078630035865,1100,2200,4,NAmes,1960,312
336,228950.0,259294.64027160782,0.12446087209070456,1786,3285,5,Timber,1965,529
1253,130000.0,114834.38161940867,0.12404250407312567,874,1738,5,Mitchel,1968,288
1452,287090.0,253685.1095587159,0.12370152501072518,1578,3151,8,Somerst,2008,840
348,157500.0,178238.7363853092,0.12369767029867518,1478,2956,6,NAmes,1960,498
1060,220000.0,194417.5731415687,0.1236186634822829,1991,2845,6,Crawfor,1932,432
1288,190000.0,167913.4955871628,0.12357444030106457,1582,3206,5,ClearCr,1964,390
706,55000.0,62223.87606365529,0.12340348962111136,1092,1092,4,IDOTRR,1930,0
232,403000.0,356224.21053724556,0.12337589862828757,2794,4256,8,NoRidge,1995,810
1388,136000.0,153798.63782438048,0.12298846357059467,2526,3240,6,OldTown,1916,216
173,239000.0,211346.07653989433,0.12296604142260747,1767,2831,7,StoneBr,1987,504
1046,139600.0,123467.15941866767,0.12280504927158908,1733,1733,3,Edwards,1955,452
119,320000.0,361783.8390001986,0.12272554692778748,3222,4895,7,SawyerW,1990,594
695,141500.0,125168.51317414781,0.12263786018110778,1539,2466,5,BrkSide,1936,576
252,235000.0,265425.6232527321,0.1217486611005345,1625,3198,8,Crawfor,2006,538
207,143900.0,127495.87464726286,0.12103371141194685,1696,2836,5,Sawyer,1962,349
800,175000.0,155056.12979850193,0.12099805983716294,1768,2499,5,SWISU,1937,240
1386,125500.0,111197.56894198623,0.12099621416065354,1154,1950,4,IDOTRR,1922,240
885,100000.0,112828.4360692378,0.12069707714285371,892,1784,5,NAmes,1967,288
1356,170000.0,191737.93693730302,0.12033042395480109,1920,2490,7,NWAmes,1968,487
1263,161500.0,143198.30532074693,0.12027393119132945,1788,2892,4,ClearCr,1957,304
741,132000.0,117142.88114043445,0.11940656570773811,1432,1696,5,OldTown,1910,360
414,115000.0,102091.48429390043,0.11906171274170063,1028,2036,5,OldTown,1927,360
787,139000.0,123411.0144968254,0.11895265840662006,1652,2338,5,OldTown,1915,416
113,383970.0,341167.823929833,0.11818958929487877,2696,3960,7,CollgCr,2007,792
212,186000.0,165344.0855215523,0.11771733272862583,1212,2424,6,Edwards,2009,460
308,89500.0,100666.19408775702,0.11757016957264099,1406,1725,6,IDOTRR,1920,0
238,194500.0,218759.93650930675,0.1175422150256491,1744,2740,7,SawyerW,1993,457
575,139000.0,123598.84952808206,0.11743179973690765,1109,1481,5,NAmes,1971,288
679,372500.0,331487.96111096157,0.11664521312440712,2046,4092,8,StoneBr,2008,834
1293,107500.0,120768.67971768977,0.11638510843149774,2372,3366,5,OldTown,1892,432
808,223500.0,198972.3334838688,0.11624507516482652,1576,2900,5,BrkSide,1923,528
837,153500.0,136929.09393076604,0.11423654934357685,1559,3118,5,OldTown,1948,812
956,145000.0,162520.96527030398,0.11407252458069017,1958,2937,6,Crawfor,1946,492
805,118000.0,105299.76457991434,0.1138724189246112,1128,2064,5,NAmes,1954,286
1326,55000.0,61616.46459425548,0.11359397961151352,796,1592,4,IDOTRR,1922,0
1108,274725.0,245300.0557858611,0.11328798201505386,2021,2889,7,Gilbert,2006,422
1255,165400.0,185223.0251206669,0.1131932105515343,1656,2402,7,Edwards,2003,397
1339,200000.0,223943.78617353976,0.1130771646390798,1861,2777,7,CollgCr,2002,492
159,254900.0,227724.87645144193,0.11273262513063109,1947,2938,7,Somerst,2004,678
351,318061.0,284176.29858766124,0.1126479981553441,1869,3738,9,NridgHt,2007,617
125,181000.0,161740.93603155404,0.112500478493196,1586,2948,6,NWAmes,1979,435
151,122000.0,136507.36810966057,0.11235667615765266,969,1938,5,CollgCr,1975,440
737,93500.0,83576.33604300667,0.1121997480522321,1040,1040,3,NAmes,1950,400
1378,117000.0,130862.82020303998,0.11197476029965792,1604,2588,5,Edwards,1941,660
1171,171000.0,152909.01959732152,0.11181976325626763,1118,2214,6,Mitchel,1977,358
61,158000.0,176675.26391984764,0.11171767835630675,1158,2316,6,SawyerW,2004,576
861,189950.0,169950.72508092716,0.11125171755215746,1426,2338,7,Crawfor,1918,216
1341,123000.0,110061.46598169912,0.11114440824595917,872,1730,4,NAmes,1971,480
858,174000.0,155828.30542668526,0.11029983412716504,1481,2183,6,Gilbert,1994,343
1014,85000.0,94878.7570599553,0.10994735362120167,1022,2044,5,OldTown,1910,280
1443,310000.0,345972.22667758877,0.10978586923878986,2007,3024,10,Somerst,2008,812
672,103600.0,115619.65049689569,0.10976759551244442,1369,2041,6,Edwards,1925,300
1214,145000.0,129935.98512598206,0.10969103581254203,960,1608,4,Sawyer,1965,364
398,169500.0,151930.76113529468,0.10942734636490314,1812,2676,5,NAmes,1962,264
639,85000.0,94820.97525291212,0.10933816773633254,796,1592,5,Edwards,1910,0
564,185000.0,165935.09738521482,0.10875847173772613,1674,2837,6,Edwards,1918,396
658,149000.0,166098.58401087453,0.10863449483389687,1502,2278,7,Crawfor,1931,270
182,200100.0,179576.14966470387,0.10821732034304965,1802,2595,7,Crawfor,1920,216
919,238000.0,265122.13376872113,0.10791949845487991,2127,3231,7,SawyerW,1991,833
587,130000.0,116715.70186668026,0.10779249571516658,838,1654,6,BrkSide,1918,275
974,182000.0,202705.93016887625,0.10774906059529776,1428,2856,7,Somerst,2007,480
751,96500.0,86643.8642122481,0.10773562706811468,1140,1716,4,OldTown,1910,0
382,187750.0,209090.92659460788,0.10765737856731761,1301,2594,7,Somerst,2006,572
1294,162900.0,181365.0751280343,0.10737484893184934,1664,2496,7,NWAmes,1976,528
280,192000.0,213761.20324731668,0.10736361705519393,2022,3182,7,ClearCr,1977,505
6,143000.0,159184.6581793977,0.1072195592969436,1362,2158,5,Mitchel,1993,480
288,88000.0,97943.47375164511,0.10705254567435141,858,1716,4,NAmes,1971,0
460,110000.0,122411.10227323222,0.10690378331156225,1203,1912,5,BrkSide,1950,352
876,303477.0,337706.1747043048,0.10687005273081418,2610,3794,8,Somerst,2007,550
545,179665.0,199808.61686069646,0.106265425833179,1496,2150,7,Gilbert,2006,426
675,140000.0,155630.79586420697,0.10584336902834757,1136,2272,6,NAmes,1965,384
1400,137450.0,152694.07019144332,0.10517543747233127,1608,2584,6,SWISU,1925,216
615,75500.0,83860.90351153177,0.10502553896733424,630,1260,4,MeadowV,1972,0
1404,282922.0,254735.26218417307,0.10494603182388573,1464,2949,8,Somerst,2007,754
292,135900.0,122375.44275644055,0.1048247890667433,1716,2496,5,SWISU,1912,0
325,242000.0,268568.4721743143,0.10416776390525584,2978,3688,7,NAmes,1967,564
1164,108959.0,120906.8402055973,0.10404776179849229,1258,2456,4,Sawyer,1969,400
363,198500.0,178896.9230798881,0.1039787568419932,1922,1922,7,Edwards,2003,672
265,73000.0,80998.32274688967,0.10396765380327011,764,1444,5,OldTown,1925,504
1158,230000.0,207375.61293791316,0.10354713037923702,1314,2628,7,NridgHt,2007,626
30,68500.0,75949.68735481867,0.10323593539542486,520,1040,4,BrkSide,1927,240
511,164900.0,148812.71145570496,0.10265002879508245,1363,2371,5,NAmes,1951,288
525,315750.0,284986.2924129413,0.10250933703832743,2398,3777,7,NoRidge,1996,834
254,158000.0,175025.82013818406,0.1023378579923353,1302,2604,6,NAmes,1964,309
1389,377500.0,340990.020109967,0.10171707474378877,1746,3492,9,Gilbert,2006,758
100,128950.0,116484.92666567328,0.10166202268537283,1225,2175,4,NAmes,1959,0
1264,180500.0,163065.16979881117,0.1015802498063536,1824,2588,6,BrkSide,1919,520
82,153500.0,169851.39983693446,0.1012227419975158,1337,2574,6,Mitchel,1998,405
1333,100000.0,110636.55800621497,0.1010794296474895,816,1632,4,Edwards,1938,288
1380,167500.0,151407.0200662997,0.10101100909938054,1394,1778,5,Timber,2006,400
1110,280000.0,309698.99674614077,0.10081090188122666,1836,3672,8,NridgHt,2004,862
1230,127000.0,140434.6094244078,0.1005541273691044,1507,2582,5,NAmes,1960,404
199,104000.0,114987.32530203572,0.10043008961734223,2229,2613,6,OldTown,1912,0
1174,200500.0,221674.12238196903,0.10039366307891484,3086,4205,5,ClearCr,1946,0
78,127000.0,114870.3791357599,0.10038190030116567,1285,1957,5,BrkSide,1948,240
1020,213490.0,193115.63414203376,0.10030034885806494,1506,2868,7,Blmngtn,2005,440
269,120500.0,109026.55840201442,0.1000573720019986,778,1518,5,IDOTRR,1940,924
802,109900.0,121464.7174300561,0.10005210134692888,1196,2392,4,IDOTRR,1916,440
872,200500.0,181411.91254454682,0.10004351640243847,1682,2486,6,CollgCr,1998,523
1305,130000.0,143671.629631116,0.09999516339362913,1708,2684,7,Edwards,2004,380
105,169500.0,153384.9570307387,0.0999014865454999,1818,2858,7,IDOTRR,1931,240
913,88000.0,97238.7704350634,0.09983161058747392,1015,1783,5,BrkSide,1925,450
946,124900.0,138007.1026207165,0.09979097457183705,1869,2837,5,OldTown,1890,456
1094,146000.0,161263.97920925723,0.09943537468249808,1200,2064,5,NAmes,1965,884
1343,228500.0,252377.73393001707,0.09939028499724678,2169,3453,8,CollgCr,2002,647
1409,125500.0,113656.35274888425,0.09912548203514504,1363,1985,4,OldTown,1910,528
1217,112000.0,123629.31573189687,0.09878798803423017,1902,1902,6,Sawyer,1978,539
1279,237000.0,261601.74592956647,0.09876275566509563,2031,3159,8,CollgCr,2002,577
347,151500.0,137264.55446837022,0.09867482215947199,958,1916,6,NAmes,1960,301
54,385000.0,348828.8028886052,0.09866179924095242,1842,3684,9,Veenker,1981,894
555,284000.0,257337.96772711255,0.09858360285218737,2046,3044,7,NridgHt,2003,871
987,117000.0,129120.51914549829,0.09857148805980565,1635,2120,6,OldTown,1910,255
327,324000.0,293606.0777691732,0.09850419891429141,1719,3438,8,Veenker,1993,473
242,110500.0,100153.0469787073,0.09831510022190315,866,1552,5,OldTown,1945,0
1448,240000.0,264713.4547656338,0.09800862584801706,2090,3310,8,CollgCr,1995,556
1447,157900.0,143239.33558104862,0.09744436644761656,1188,2376,5,Mitchel,1962,312
1000,206000.0,186950.41921801766,0.09703223032146369,1208,2395,7,CollgCr,2006,632
1252,171750.0,189229.23892679415,0.09691871553975417,1405,2810,7,NridgHt,2003,478
22,139400.0,126551.00507973165,0.09670134086608329,1108,1745,7,IDOTRR,1930,280
882,187500.0,206506.3422583916,0.09655178877012993,1717,2873,7,Timber,1990,400
1017,203000.0,223570.30440697877,0.09651949341261279,1504,3008,7,CollgCr,1996,478
1201,116050.0,105416.34990707724,0.09610251697418803,864,1728,4,NAmes,1970,280
793,269790.0,245072.20805786256,0.09609061086444015,2013,3130,7,NoRidge,1996,455
46,319900.0,290604.8903773156,0.09604355228811201,1752,3504,9,NridgHt,2005,576
693,335000.0,304367.064531427,0.09589580925169727,2519,3729,7,Timber,1989,628
330,78000.0,85844.63214776458,0.09582906120924939,1192,1788,5,IDOTRR,1920,189
1006,149900.0,136227.3799914577,0.0956423342096393,985,1970,5,CollgCr,1977,328
259,231500.0,210432.7746714997,0.0954131991855256,1792,2755,7,CollgCr,2001,564
65,219500.0,241421.22083269415,0.09519056595905973,2034,3091,7,CollgCr,1997,645
933,320000.0,290961.087799018,0.09513114458249738,1905,3810,9,Somerst,2006,788
1302,177500.0,161442.96910519956,0.09481810076257524,1494,2265,6,Crawfor,1942,213
1412,140000.0,153865.4737321363,0.09443560717679844,1668,2524,6,NAmes,1950,271
1422,127500.0,140104.94949781316,0.09427471081636085,1069,2138,6,NPkVill,1977,440
246,241500.0,219897.29262209262,0.09370848067814563,1872,3717,7,NWAmes,1988,604
535,178000.0,195484.37864132656,0.09369641881627722,1414,2121,8,Gilbert,2004,403
190,286000.0,260421.9246447232,0.09368836458772911,1593,3186,8,StoneBr,2001,682
439,90350.0,99209.44598782773,0.09354122599797243,694,1134,5,Crawfor,1913,352
871,109500.0,99724.6381832367,0.09351088443314914,894,1788,5,NAmes,1962,308
1155,201800.0,221522.81610098525,0.0932480422971178,1820,2684,7,NAmes,1965,492
894,165000.0,150367.72231290382,0.09286110794496594,1383,2766,5,Sawyer,1954,354
854,158000.0,173369.29291784932,0.09282836642877079,1445,2572,6,NAmes,1964,645
315,178000.0,162229.18092451472,0.09277297159751186,1641,2369,7,OldTown,1925,546
1168,173000.0,189811.31422676882,0.09273838925790479,1671,2630,6,Gilbert,2000,472
1395,246578.0,224803.11750878755,0.0924529947812065,1500,2856,7,Blmngtn,2006,648
215,161750.0,147487.81095562928,0.09230580076753547,1392,2081,6,CollgCr,1977,299
1058,248000.0,226152.66775864738,0.09221806436634594,1850,2823,7,NoRidge,1994,467
1056,180000.0,164158.637485536,0.09212305274997767,1523,2716,6,NWAmes,1976,478
538,111250.0,121966.019821602,0.09196176908656994,864,1728,4,NAmes,1972,576
1026,112500.0,123236.94988836005,0.09115492798069802,882,1764,5,CollgCr,1972,461
1049,115000.0,125960.3172701687,0.09103403004562338,1771,1771,5,Mitchel,1960,336
52,114500.0,125401.91351935884,0.09094830515499908,1176,1632,6,BrkSide,1934,528
444,172500.0,188827.24748783125,0.09043482489530241,1258,2516,7,Blmngtn,2006,648
1322,72500.0,79350.31566157751,0.09028467245217975,720,720,3,BrkSide,1949,287
866,148500.0,135689.49179957548,0.09021519564059233,1002,2004,5,NAmes,1970,902
719,341000.0,311633.19673472136,0.09005535623706429,2418,3729,7,NoRidge,1993,983
1124,118000.0,107841.05398462352,0.09002540543009552,698,1396,5,Edwards,1947,0
1090,197000.0,215541.61212239251,0.0899498211961518,1247,2494,8,Somerst,2005,550
1234,142000.0,129785.51770496997,0.0899431707162357,1188,2376,5,NAmes,1959,531
1004,136905.0,149787.85280970414,0.08993209554847681,1680,3360,5,NWAmes,1976,528
890,149500.0,163500.00785518007,0.08951607279859353,1505,3010,6,NAmes,1953,505
174,163000.0,149065.2539792998,0.08936547106350012,1362,2724,6,NAmes,1961,504
270,148000.0,161761.72489642893,0.08891156993656857,1113,2256,6,Edwards,1976,504
75,107400.0,98273.3137299679,0.08880680489466819,1605,2445,3,OldTown,1915,379
443,162900.0,149069.3094004501,0.08872458450639087,1573,2651,5,BrkSide,1930,360
92,98600.0,107745.13652540822,0.08869646888334337,1235,2470,5,NAmes,1961,480
200,274900.0,300338.9477027501,0.08850395927428245,1713,3426,8,NridgHt,2004,856
1258,99900.0,91439.48886309628,0.08849132987032249,864,1728,5,Edwards,1922,0
914,145000.0,158359.39459254616,0.08813277503009509,2002,3003,5,Crawfor,1949,871
970,140000.0,128230.44302178759,0.08781278564644523,1095,1683,6,NAmes,1958,264
1028,293077.0,319949.42399513256,0.08772727358330101,1646,3284,8,Timber,2007,800
291,233230.0,254605.85508426942,0.08769123193326678,1919,2998,8,CollgCr,2006,685
323,301000.0,275774.22812841285,0.08752744392080025,2730,4232,7,SawyerW,1986,576
473,148000.0,135607.794536173,0.08744480063338678,1072,1619,6,Edwards,2005,525
1246,178000.0,194208.19375663646,0.08714672817506752,1868,2453,6,NWAmes,1984,477
1064,110500.0,120561.23290757475,0.08714150458728831,1103,2206,6,OldTown,1925,440
1241,224900.0,206197.19435527676,0.08682249059543246,1768,2652,7,CollgCr,2003,543
650,84500.0,77482.60803855548,0.08669696380447789,630,1260,4,MeadowV,1970,0
665,423000.0,387936.2861152949,0.0865308502740092,2097,4174,8,Somerst,2005,1134
1133,117500.0,128103.47717636805,0.08639931474082552,2210,3218,6,OldTown,1880,205
500,120000.0,130798.42793421316,0.08616498934123484,912,1824,5,NAmes,1958,297
884,118500.0,129159.00491331262,0.08613058457244094,2230,2544,4,SWISU,1912,440
749,260400.0,238932.84319954098,0.08603604365583095,1720,3440,7,NoRidge,1996,527
1265,181000.0,166078.56221205107,0.08603559214482992,1337,2742,6,NAmes,1998,511
194,130000.0,141678.24733559252,0.08602353830154108,1709,2679,7,Edwards,2004,380
189,153337.0,140703.9897789005,0.08597920768492884,1224,2310,5,SawyerW,1979,528
1104,159500.0,146359.59637702382,0.08597677692815253,1194,1849,6,NAmes,1959,539
869,169000.0,155154.24603723543,0.08547842906300751,2320,2267,5,Gilbert,1948,672
415,228000.0,248346.22037849415,0.08547783422542032,2097,3177,7,SawyerW,1993,678
1269,381000.0,414843.7411558429,0.08510233273927703,3447,4175,8,Crawfor,1935,1014
578,164500.0,151089.764603184,0.08503590289435614,1320,2484,5,Sawyer,1966,564
179,501837.0,460948.3745398534,0.08498913809658326,2234,4450,9,StoneBr,2008,1166
568,214000.0,196595.43723885342,0.08482760223692054,1535,3052,7,NridgHt,2004,532
938,253000.0,232428.39509920267,0.08480693937334038,1971,3084,7,Somerst,2005,689
56,180500.0,165833.81364925497,0.084744123504926,1425,2850,6,NAmes,1964,576
735,108000.0,117549.99077538209,0.08473171715424321,948,1896,5,Sawyer,1968,300
225,386250.0,420321.1455890222,0.08453401337486177,2392,4784,10,NridgHt,2003,968
408,177000.0,162678.56092954119,0.08437300022241523,1680,2520,6,Crawfor,1915,308
540,272000.0,250021.2102485447,0.08425598784952903,1601,3182,8,CollgCr,2001,670
1331,227000.0,246917.2799408941,0.08410300868512799,1588,3176,8,Somerst,2006,825
1181,250000.0,229945.49036968668,0.08361828656497039,2514,3730,7,Timber,1990,693
1166,233170.0,214493.5128635898,0.08348793298274515,1502,3004,7,NridgHt,2009,644
765,270000.0,248395.13540744025,0.08340087069798408,1494,2988,8,Veenker,1995,481
447,190000.0,206473.9059183324,0.0831495487356868,1888,3405,6,NAmes,1966,578
1251,244000.0,265137.9796219078,0.08308181626761524,2110,4220,7,NAmes,1968,522
950,197500.0,181755.3172868468,0.08307677369796806,1381,2542,6,NWAmes,1972,676
263,151000.0,164070.16807426856,0.08301382605721841,1212,1718,6,Sawyer,1977,492
450,120000.0,110460.71660483148,0.08283107121749111,1183,1832,3,OldTown,1948,308
115,259500.0,238885.34554774495,0.08277265897857511,2320,3348,6,Crawfor,1945,180
1440,197000.0,181354.26861060958,0.08275088739264724,1725,2264,7,NWAmes,1979,550
1074,159500.0,146844.35242088707,0.08267018313272345,1426,2116,6,Edwards,1977,440
388,125000.0,135771.8783217611,0.08266174010068283,1125,2166,6,Edwards,1976,352
1289,278000.0,255995.74838314162,0.08245996803592703,1659,3160,8,StoneBr,2000,499
983,159895.0,173632.59185374092,0.08242368107665854,1266,2532,7,Blmngtn,2007,388
1120,133700.0,123122.1007480541,0.08242128953472516,1040,2080,5,NAmes,1959,286
149,141000.0,153041.67533202562,0.08194982368757131,1080,2160,7,SawyerW,2004,0
1077,170000.0,156640.36910622346,0.08184540017826691,1466,2262,5,OldTown,1936,566
421,206300.0,190123.13311438035,0.08165907636232284,1344,2688,7,Mitchel,1997,784
1285,169000.0,183329.1953351426,0.08138424099282204,2447,3251,6,SWISU,1919,336
260,97000.0,105220.64813891574,0.08134777219322764,882,882,5,OldTown,1956,308
1453,145000.0,133677.7007920395,0.0813014734994546,1072,1619,5,Edwards,2005,525
1431,192140.0,177162.61206734052,0.0811558099296299,1838,2570,5,Gilbert,2005,372
975,167500.0,181657.9212565843,0.08114154840481369,2019,2747,7,BrkSide,1910,532
244,120000.0,130116.22905903717,0.08093573002443755,1217,1843,6,SawyerW,1980,288
1153,230000.0,212128.4881378195,0.08088677542308176,1811,2884,6,Crawfor,1956,470
1415,207000.0,190957.6250032146,0.08066684261091872,1848,2681,6,BrkSide,1923,370
165,152000.0,140237.5511609625,0.0805421903521335,1616,2765,6,OldTown,1926,216
1216,125000.0,115341.79335589375,0.08041323092741592,894,1788,5,Sawyer,1966,384
714,129000.0,119038.46434498529,0.080365084985063,960,1920,4,BrkSide,1970,576
767,196500.0,181347.59986583437,0.08024637527428702,1714,2694,7,NWAmes,1988,496
816,224900.0,207581.8766142046,0.0801296400766951,1661,3310,7,CollgCr,1998,598
401,245500.0,226642.17788484215,0.07992414339227594,1288,2548,8,Veenker,1996,500
168,325624.0,352676.1984005824,0.0798067739362569,2161,3743,8,NridgHt,2007,789
340,155000.0,143116.66210808844,0.07976446463093367,1215,2430,6,NAmes,1958,297
203,112000.0,121285.80836022715,0.07965025802660008,1310,1927,6,OldTown,1924,398
1260,151000.0,163501.05899464968,0.07953912418790843,1054,2108,6,NAmes,1969,460
1418,340000.0,314050.67348699167,0.07939102116827712,2450,3734,8,NoRidge,1998,1069
66,317000.0,292820.29577387305,0.07934241753594051,2473,3616,8,NridgHt,2004,852
513,129900.0,120004.80662201115,0.07923249174821123,864,1728,5,NAmes,1958,624
1112,205000.0,189403.45741038973,0.07913014232648408,1964,2767,7,NWAmes,1976,483
1079,155900.0,144050.4091079755,0.07905094685315284,848,1696,6,CollgCr,2004,420
126,84500.0,91444.51392190377,0.07897995003909486,754,1040,6,IDOTRR,1935,0
618,105500.0,114161.1411049888,0.07889929674800022,832,1664,6,NAmes,1954,528
9,129900.0,120072.59030535963,0.07866781451212113,1774,2726,7,OldTown,1931,468
1200,148000.0,136820.50255393662,0.07854185524963953,1382,2433,4,Sawyer,1963,459
1349,215000.0,232488.44631166314,0.0782021525096166,1494,2976,7,SawyerW,1998,514
764,337000.0,311676.5996216362,0.07811657870178301,2365,3617,8,NoRidge,1999,856
1025,287000.0,310277.6605075847,0.07798509849523327,2898,4463,8,Timber,1976,665
73,185000.0,200001.94773718645,0.0779708746562342,1718,2550,7,Gilbert,1998,427
320,187500.0,202703.94386691705,0.07796726449960367,1472,2844,7,NWAmes,1980,588
1450,92000.0,85100.80718625241,0.07795117517017047,630,1260,5,MeadowV,1970,0
1198,144000.0,155663.4932928042,0.07788276319052834,1690,2505,7,OldTown,1916,225
13,144000.0,133217.62515404887,0.07782866718128467,912,1824,5,Sawyer,1962,352
563,108000.0,116734.23346000639,0.07776792220917983,996,1992,5,Edwards,1940,0
258,220000.0,237773.2582257361,0.07768963691917286,1604,3208,7,CollgCr,2006,660
1142,197500.0,182739.86082046689,0.07767455943044332,1868,2648,5,NWAmes,1976,484
1419,124000.0,134013.08561411093,0.07765528086112461,1144,2288,5,NAmes,1963,336
1385,105000.0,113473.53219987392,0.07760855191728311,1258,1818,6,Edwards,1939,280
694,108480.0,100380.71600339531,0.07759496328533722,1073,2146,5,OldTown,1921,326
1016,227000.0,210068.73861906354,0.07751485850760176,1665,2475,8,NWAmes,2001,528
201,140000.0,129592.31978961424,0.07724832768446532,1121,2242,4,Edwards,2003,440
1316,206900.0,191546.8246741944,0.07710290334897962,2112,3064,6,NAmes,1969,576
1222,134000.0,124098.66522496007,0.07676226802591479,1211,2163,5,Sawyer,1968,322
368,165000.0,152817.88477954647,0.07669807390347749,1431,2530,6,NAmes,1962,296
228,106000.0,98176.65044595778,0.07666993077246964,987,1470,6,BrDale,1970,280
76,91000.0,98246.22300778597,0.07661649033066276,988,1450,4,MeadowV,1973,297
1300,154000.0,166239.36782265216,0.07647564404959972,1246,2492,5,NAmes,1959,305
1410,215000.0,199192.4687544202,0.07636612204406568,2093,2884,7,NWAmes,1986,542
492,133000.0,143519.7876161122,0.07612323915411245,1578,2384,6,NAmes,1941,240
648,155000.0,143679.9471665224,0.07583637178456293,1094,2188,6,Edwards,1953,495
622,240000.0,258880.25951712427,0.07572640911296524,2614,4136,6,NWAmes,1974,624
541,315000.0,339621.8081773578,0.07525980064673199,1838,3676,9,Timber,2006,765
502,226700.0,210264.86679030757,0.07525920631066363,1768,2634,7,Somerst,2005,603
1370,232000.0,250131.27580386435,0.07524819915010461,1668,3325,8,CollgCr,2003,502
120,163990.0,176804.21936267434,0.07523712278032946,1456,2184,6,CollgCr,2005,390
849,240000.0,222621.27386533207,0.0751665938763253,2358,3265,6,ClearCr,1908,360
1429,119000.0,110412.25716845598,0.07490168675635367,804,1592,5,OldTown,1940,240
1068,167900.0,180882.7307942268,0.0744799335624613,1611,2391,6,NAmes,1964,442
3,223500.0,207461.26479995684,0.07446642156941863,1786,2706,7,CollgCr,2001,608
768,160000.0,172343.56041203035,0.07431566596260986,1750,2733,6,Mitchel,1940,423
91,109900.0,102040.86205254067,0.07419681918125498,1040,1040,4,NAmes,1950,420
967,160000.0,148573.33063659444,0.07409468919403572,1308,2036,5,Crawfor,1940,256
1126,115000.0,106803.42776901039,0.0739414397995688,1005,2010,4,NAmes,1955,672
72,129500.0,120271.75801697798,0.07392645617981586,845,1690,4,Mitchel,1982,360
12,345000.0,371323.8813077467,0.07353005469246376,2324,3499,9,NridgHt,2005,736
645,370878.0,344598.0113788652,0.07349440866289392,1766,3532,9,Somerst,2009,478
1162,224000.0,208142.55015895894,0.07342252947501748,1640,2936,6,Crawfor,1954,924
145,125000.0,134520.23974043457,0.0734003655898885,1728,3456,5,Sawyer,1963,504
981,178400.0,191971.15883003036,0.07331652990842485,999,1943,7,NAmes,1961,588
1084,160000.0,148717.18474328512,0.0731269277437736,1251,2502,6,NAmes,1964,461
533,107500.0,99926.30442684669,0.07305718395391914,827,827,5,NAmes,1955,392
1337,135000.0,145228.15122506802,0.07303066243436085,1656,3312,5,NWAmes,1973,506
289,122000.0,113410.41516664306,0.07300719234831021,900,1782,5,Sawyer,1967,280
236,89500.0,83213.65678612745,0.07282630279571478,987,1470,6,BrDale,1971,264
874,133000.0,123660.87627258417,0.07280561014171738,1268,1868,5,NAmes,1949,288
668,193500.0,208103.95169423879,0.07275984748386222,1679,3087,6,SawyerW,1994,575
1143,424870.0,395349.80349557777,0.07201211255821605,2828,4294,8,CollgCr,2006,1052
632,209500.0,225137.5803067619,0.07198761246218588,1554,3108,8,NridgHt,2006,627
514,134000.0,143949.25242212682,0.07162050798731912,1080,2164,6,Mitchel,1983,484
303,205000.0,220205.32261320282,0.07155007974922789,1541,3082,7,CollgCr,2001,843
921,201000.0,187144.28636298032,0.07142463554989753,1721,2649,6,SawyerW,1994,471
1254,294000.0,273749.2125273931,0.07136711120725892,2167,3359,7,Veenker,1974,518
24,129900.0,139490.83881309285,0.07123347454176354,1060,2100,5,MeadowV,1976,572
992,168000.0,180389.91110046091,0.07115629266632517,1742,2658,8,OldTown,1882,424
609,359100.0,334484.53484803333,0.07101005143610095,3194,4159,8,Crawfor,1934,380
1177,119500.0,128289.75828697585,0.07097449743190154,923,1799,5,Mitchel,1984,264
812,144500.0,155119.30331305295,0.07091453833331052,848,1696,6,CollgCr,2004,420
806,227680.0,212107.84999644203,0.07084594017669588,1428,2845,7,Somerst,2008,554
171,128500.0,119716.02862312648,0.07080582311551531,1382,1574,5,OldTown,1941,660
166,127500.0,118795.28607969612,0.07071406322051921,1355,1999,5,Edwards,1940,0
188,135000.0,125785.77743251082,0.07069395492595376,1656,2172,5,OldTown,1916,180
626,160000.0,149083.242875357,0.07066853061543732,1116,2232,6,NAmes,1962,440
102,178000.0,165858.22100299702,0.07064980595591841,1732,2473,6,SawyerW,1985,476
1231,190000.0,203880.75902306882,0.07051087786733312,2620,3981,5,Sawyer,1977,600
887,145000.0,155586.3344159815,0.0704665711278718,1712,3338,5,NAmes,1959,588
960,155000.0,166315.04365035356,0.07045828717945213,1416,2112,7,Somerst,1999,484
1097,127000.0,118371.62203413474,0.07035749755167231,1355,2039,6,IDOTRR,1914,0
164,103200.0,96202.38707539733,0.07021397718718347,882,1764,4,OldTown,1956,0
279,415298.0,387172.2912934473,0.07012636881015055,2121,4242,9,NridgHt,2006,732
375,219500.0,204652.3375436779,0.07003927696335133,1928,2775,7,CollgCr,2003,434
1156,218000.0,203307.297090558,0.06977611807911899,1437,2874,5,Veenker,1976,528
180,100000.0,107199.10425589746,0.06951703523449382,968,1936,5,OldTown,1923,480
129,155000.0,144605.50034511974,0.06941530581975996,1348,2008,6,NAmes,1966,453
1358,149900.0,160659.93867852865,0.06932109716813706,1078,2156,5,NAmes,1971,500
355,140000.0,150040.69613728364,0.06926366427619435,1595,2535,6,SWISU,1940,240
1223,143000.0,153234.24561765773,0.06912267038210373,1846,2886,6,NAmes,1949,315
1372,165500.0,177327.2913015993,0.06902553066461081,1661,2653,6,NAmes,1955,377
1130,140000.0,130677.35274296807,0.06891058406018047,936,1872,5,OldTown,1980,672
1457,210000.0,196032.25354487277,0.06882798682793734,2073,3615,6,NWAmes,1978,500
128,87000.0,93186.35092660105,0.06869237996773592,840,1512,5,OldTown,1930,0
222,200000.0,214166.3975449372,0.06843557422109114,2267,3277,6,Gilbert,2002,390
520,234000.0,250549.18454621488,0.0683338491170371,2080,3356,7,Crawfor,1926,282
296,142500.0,152573.61356901887,0.06830472847136626,1003,2006,6,Mitchel,1984,588
410,339750.0,317358.70477669593,0.06817715040933692,2078,3112,8,Somerst,2007,836
465,124000.0,115828.29780743952,0.0681720934312704,1040,2080,5,CollgCr,1978,0
1237,175500.0,163995.74020860932,0.06779819004550447,1626,2390,7,NridgHt,2003,474
1411,230000.0,214953.1165963948,0.06765906256713272,1840,2784,7,CollgCr,2001,622
359,130000.0,121501.83189361097,0.06760457245836271,1352,2414,5,ClearCr,1958,288
562,170000.0,158888.1980071578,0.06759722797046663,1389,2778,5,Mitchel,1974,418
1364,156932.0,167875.57478700415,0.06741007283969047,1412,2028,6,Gilbert,2006,432
915,173733.0,162415.6111718957,0.06736068583576227,1224,1836,6,Somerst,2009,528
703,361919.0,338487.8258439136,0.06693211192114035,2576,3810,8,StoneBr,2006,666
481,326000.0,348532.20597848244,0.06683305939295892,1850,3683,9,NridgHt,2004,772
391,119000.0,127200.46484951364,0.06664027051467514,1367,2228,5,Edwards,1900,384
1281,227000.0,212375.90707404923,0.06659186305794584,1573,3146,7,CollgCr,2002,544
1371,105000.0,112204.47933470452,0.06636195339966378,1374,2214,4,OldTown,1920,338
918,135000.0,126338.32678343108,0.06631082897189877,1229,2363,4,Edwards,1956,284
1196,176000.0,164708.2590240765,0.06630782372565314,1456,2184,6,Gilbert,2005,400
1391,235000.0,219963.18817447065,0.06612501737729559,1525,3050,7,CollgCr,2000,541
532,128000.0,136731.23047577025,0.0659864147935707,1362,1973,6,BrkSide,1920,502
727,222000.0,237140.90934701834,0.06597684919121072,1680,2560,6,Crawfor,1988,540
951,129000.0,137729.41718155512,0.06547811963605632,864,1728,5,NAmes,1950,720
332,139000.0,130202.60624151552,0.06538170025103085,1056,2112,5,NAmes,1958,308
798,110000.0,103038.25589539445,0.06537941584230467,773,1546,5,NAmes,1953,240
1348,283463.0,302594.70161745,0.06531246544243174,1776,3508,8,Timber,2006,712
1173,171900.0,161038.56526497778,0.06526864792648546,1250,1875,7,Somerst,2006,625
264,130000.0,121829.06272875432,0.06491499747992258,1316,1852,5,OldTown,1929,484
1232,132500.0,141375.36163821557,0.0648353732155087,1190,2296,5,NAmes,1962,540
1221,115000.0,107784.24225893873,0.06480007414200983,912,1824,5,NAmes,1964,288
642,226000.0,241127.81858347636,0.06479188358998655,1929,2986,7,Somerst,2001,650
1105,106000.0,113064.07871475283,0.0645150427351524,1302,1932,5,BrDale,1970,440
759,179400.0,168207.02732903988,0.06442205244000654,1501,2245,7,Somerst,1999,440
231,148000.0,138768.78373426726,0.06440270256364755,1194,2388,6,NAmes,1959,312
367,159000.0,169563.39643745558,0.06432228314553967,1394,2788,6,NAmes,1963,514
1107,179900.0,191841.60619821784,0.0642685768723048,1442,2352,7,SawyerW,1990,719
1018,187500.0,175830.69261632385,0.06425693318299608,1360,2580,8,StoneBr,1984,565
704,140000.0,131304.81495244583,0.0641204975847014,1812,2172,5,OldTown,1900,672
1098,170000.0,159448.25839449785,0.06407857696292929,1088,2162,8,StoneBr,1986,461
726,120500.0,113117.41093503078,0.06322289720590923,864,1728,4,NAmes,1970,660
229,125000.0,117353.95865336394,0.06311856061790166,912,1824,5,Sawyer,1967,336
1376,239000.0,254528.7124558945,0.06294984150606275,1571,3142,8,Timber,2007,722
583,118500.0,111309.53509714262,0.0625974905952944,816,1632,6,Edwards,1990,0
127,128000.0,136265.90323683506,0.06257740991322791,958,2036,6,NPkVill,1976,440
1313,302000.0,321473.18687309534,0.06248692216284191,2810,4263,8,NoRidge,1990,750
141,115000.0,108045.38381007499,0.062380209330498815,864,1728,4,NAmes,1971,0
1103,135000.0,126862.70913901502,0.06216883199013701,1134,2144,5,NAmes,1960,254
153,190000.0,178558.17948212038,0.062109251316361025,1993,2818,6,NWAmes,1971,495
350,437154.0,465128.6185758894,0.06202829308637092,2728,4576,9,NridgHt,2005,706
1121,118400.0,111311.24375154146,0.06173790937659085,1012,2024,6,IDOTRR,1920,308
940,244400.0,229783.54490020417,0.06166821035743553,2403,3435,7,ClearCr,1940,349
441,555000.0,521816.3195242698,0.06165235151235926,2402,5496,10,NridgHt,2008,672
377,148000.0,139153.06232156418,0.06163734912141727,914,1784,5,CollgCr,1996,576
537,188000.0,199899.09704511147,0.061370445009789165,1724,2604,7,CollgCr,1998,527
423,113000.0,106281.41536349258,0.06129682118133317,988,1976,5,Mitchel,1954,520
1176,285000.0,302964.83779138926,0.06112736355550119,2872,4555,8,NoRidge,1992,541
313,119900.0,127418.14826988245,0.06081562995337464,1118,1911,5,OldTown,1939,410
1086,147000.0,156208.01379077585,0.060755552991048845,996,1932,6,SawyerW,1992,564
595,110000.0,116880.88093553013,0.060674403530338594,924,1848,5,CollgCr,1975,280
620,305000.0,324065.8290061306,0.060634701597212626,2262,3744,8,Timber,2003,749
110,190000.0,201873.9621314439,0.060619171088195145,1844,3688,6,NWAmes,1977,546
358,134000.0,142365.99960425438,0.06056096515922604,1142,2284,5,MeadowV,1976,528
526,176000.0,186987.32829737954,0.060556522544429114,1266,2523,7,Somerst,2005,453
240,113000.0,120047.70626841596,0.06050087777220803,1487,2222,6,Edwards,1945,220
1091,92900.0,87447.49527561662,0.06048441539041782,1040,1040,3,NAmes,1950,400
596,319000.0,338843.1648443582,0.0603460733895016,1826,3640,8,StoneBr,2005,758
37,145000.0,154017.87391037153,0.06033451381506616,1097,2194,5,CollgCr,1994,672
32,149350.0,140606.78623476176,0.06032488385214663,1228,2456,5,Sawyer,1966,271
647,98300.0,104407.58851680756,0.06027773751022458,1048,1048,5,NAmes,1950,420
1427,271000.0,255187.45719776157,0.060120190878379276,2127,3350,7,NoRidge,1994,525
763,215200.0,202644.29695578275,0.060115330030777514,1547,2303,7,Somerst,2009,614
931,201000.0,213448.13566468557,0.06008868066740014,1466,2932,8,Timber,2007,610
385,240000.0,254754.3640784268,0.05966063812622835,1953,3533,6,ClearCr,1992,501
1036,84000.0,79135.94661307205,0.059648850415499055,845,845,4,Edwards,1957,290
779,144000.0,135661.68247771505,0.059648715139211106,2020,2020,5,SawyerW,1977,630
709,179540.0,190553.07800897225,0.05953243424249166,1456,2184,7,Gilbert,2007,400
852,215000.0,202579.38225743576,0.05950592207718586,1456,2729,8,Blmngtn,2003,400
628,153000.0,162364.28290715543,0.05940417235336959,1520,2676,6,NAmes,1955,364
442,118000.0,111201.78287688599,0.059337691631411005,1440,2880,4,Edwards,1955,0
863,152000.0,143257.7132351058,0.05923492065098657,1097,2137,6,SawyerW,1984,480
1170,625000.0,589106.3940609047,0.05914474983334728,3627,5557,10,NoRidge,1995,807
334,207000.0,195121.04801619175,0.059098374131050235,1358,2716,7,NridgHt,2004,484
1150,143000.0,151689.08387714456,0.05898789431202722,1482,2132,7,OldTown,1920,324
688,148800.0,157807.21046972874,0.05877059511182914,1102,1653,7,Somerst,2004,480
412,145000.0,136730.58545033797,0.05872086521213937,1056,2112,5,Gilbert,1955,572
435,81000.0,85882.63551088027,0.0585318042902081,630,1260,4,MeadowV,1972,0
1287,143000.0,151619.25652003108,0.05852745924571323,1328,2656,6,NWAmes,1963,528
7,307000.0,289581.6759052383,0.05841016695785939,1694,3380,8,Somerst,2004,636
283,207500.0,219965.14927520292,0.05833750864648657,1314,2628,7,NridgHt,2007,626
1011,135000.0,127371.84522097457,0.0581636112313646,1271,1991,5,Sawyer,1948,312
1359,177500.0,167486.14426710026,0.058069645026955996,1573,2329,6,Somerst,2000,440
1318,208900.0,197115.70865432842,0.05806447249229407,1352,2704,7,Somerst,2006,466
995,337500.0,357562.60778241255,0.05774479690321854,1718,3418,10,NridgHt,2006,786
860,250000.0,235983.0011512724,0.05770090685849638,2654,3708,6,NWAmes,1968,619
1270,144000.0,135931.19814019479,0.05766402566100659,1524,2398,5,NAmes,1958,315
53,110000.0,103839.11881755476,0.057637059468206076,816,1632,5,IDOTRR,1963,516
468,146500.0,155183.38342728157,0.05758172606707035,1644,2372,5,NAmes,1942,312
1135,169000.0,179001.61059075908,0.057495757974990624,1600,2516,6,Gilbert,1997,460
482,374000.0,353111.99012287403,0.057470380156912526,1792,3584,9,NridgHt,2003,874
942,214000.0,226643.53585818864,0.05740218090745941,2060,3052,7,Gilbert,1999,390
1002,86000.0,91073.05795987867,0.057314075183921176,691,1382,5,OldTown,1920,216
365,190000.0,179431.25678936698,0.057231598111444626,1574,2370,6,NWAmes,1976,566
487,156000.0,147344.53163693263,0.05708203358720709,1073,2146,5,NAmes,1965,515
685,221000.0,208747.35467516672,0.05703774449009913,1839,3034,7,NoRidge,1998,486
416,181134.0,191757.8936836082,0.056996211226554294,1340,2680,7,Gilbert,2007,396
1249,129500.0,137092.13899112734,0.05697193837014147,2058,2793,6,OldTown,1917,396
352,190000.0,201137.24636573682,0.056963129197795226,1453,2906,7,ClearCr,1986,445
1051,176485.0,186817.86510668695,0.05689795851662538,1302,2604,7,Gilbert,2007,436
662,402000.0,379790.5184582522,0.056832109649462836,2448,4077,8,NoRidge,1994,711
63,202500.0,214332.62676602096,0.05678897981087516,1370,2740,8,NridgHt,2006,484
824,139500.0,147650.97050005378,0.056786184156818464,1489,2267,6,SWISU,1940,240
104,198900.0,187930.92254184943,0.05672743038767969,1226,2452,7,CollgCr,2009,740
178,172500.0,163013.11777398965,0.05656622438954351,1920,2972,5,Sawyer,1958,451
592,451950.0,478215.2468400366,0.05648926256059461,2296,4018,10,NridgHt,2008,842
1238,195000.0,206311.2982819413,0.05638634512653873,1948,2795,7,CollgCr,2004,434
1449,112000.0,105865.82877595787,0.056325827863917155,1346,1906,4,Edwards,1910,384
293,131000.0,138589.65995772413,0.05631973925288669,1716,2484,5,Edwards,1949,281
691,141000.0,149166.7501377467,0.05630452996209634,848,1696,6,CollgCr,2004,420
1295,115000.0,121651.07741988309,0.056224322129393656,864,1728,5,Edwards,1955,572
1109,181000.0,171135.8814860417,0.056038843293688245,1690,2614,6,Gilbert,2000,463
281,228500.0,216056.67300734884,0.05599520998388208,1982,2789,7,SawyerW,1989,575
257,207500.0,196233.50226409448,0.055825774746907086,1728,2592,6,Somerst,2003,673
1191,168000.0,177566.84409611783,0.05538282438123865,1622,2871,4,Mitchel,1961,1356
1282,180000.0,190220.25780017712,0.05522550294657691,1339,2648,7,Timber,1990,484
1185,186700.0,197276.30874389492,0.055101990794126365,1572,3144,5,Timber,1963,995
1062,81000.0,85575.26030913091,0.05494641157133273,894,1788,3,IDOTRR,1935,1248
495,91300.0,96441.13961117808,0.05478149855432868,886,1076,5,OldTown,1938,273
205,110000.0,116174.56636562671,0.05461309340658538,1284,2004,5,OldTown,1947,240
341,202900.0,214280.3263512688,0.05457158544206919,1908,2875,8,Timber,2002,431
932,117500.0,124084.6373099896,0.054525106515754374,925,1850,5,NAmes,1965,429
321,342643.0,361838.3142698223,0.05450822274869793,2596,3845,9,NridgHt,2006,840
1208,200000.0,211201.21557330893,0.05449367564547103,1700,3382,6,CollgCr,2003,544
697,89000.0,93971.49475131423,0.05435452479898295,616,1232,5,BrkSide,1921,205
1375,250000.0,236777.87999772944,0.05433820802076639,1958,2984,7,Somerst,2005,936
1078,138800.0,131467.16186091793,0.05427654548058136,1096,2192,5,NAmes,1969,299
979,110000.0,104194.7279608794,0.05421832663742876,894,1788,4,Edwards,1954,400
369,132000.0,139330.00378828158,0.054042926178770045,1268,2536,5,NAmes,1954,244
958,132000.0,125074.03365000633,0.05389567190239042,1057,2114,5,Sawyer,1962,576
169,183500.0,193644.54664947066,0.053809291720911645,1720,2560,7,Gilbert,2004,440
1272,185750.0,176048.75582471123,0.053640408528929484,1489,2978,6,NWAmes,1968,462
1351,200000.0,189611.19557873093,0.05334145611059782,2634,3882,5,NAmes,1969,968
139,230000.0,242568.46057109622,0.053204447967662105,1852,2856,8,CollgCr,1999,660
850,187000.0,177330.14308372798,0.053095114868220605,1855,2383,6,Veenker,1976,512
99,83000.0,78708.36484103021,0.05309051340456783,835,1293,5,Edwards,1920,366
855,170000.0,179247.1072670633,0.05296660085851457,1779,3542,5,Sawyer,1955,454
1344,177000.0,167876.92230280518,0.05291831997184637,1913,2809,6,Crawfor,1928,342
404,258000.0,244722.39253087807,0.05283489822840792,2263,3404,8,NoRidge,1998,420
290,153575.0,145678.2788010886,0.05278807366730476,1396,2094,6,BrkSide,1915,384
758,158900.0,150731.04683899824,0.052777630552444776,1386,2058,6,Sawyer,1978,440
910,174000.0,183416.41688990901,0.052703475673208544,1484,2226,6,Gilbert,2005,390
989,195000.0,185017.74797226596,0.05254752642136573,2030,2878,6,NWAmes,1976,551
470,187000.0,177428.69432344675,0.052539522300708796,1710,2542,6,SawyerW,1993,506
517,158000.0,166485.47809084973,0.052312731334140494,2119,2808,6,NWAmes,1972,583
187,173000.0,182286.46211981022,0.052287528407120476,1217,2405,7,Mitchel,1990,497
1225,184000.0,193876.27237120116,0.05228414985686847,1490,2278,7,Gilbert,2004,388
430,175000.0,184389.20929760742,0.05226252660464503,1412,2804,6,Timber,1988,576
643,345000.0,363507.41595982166,0.052255133699398826,2704,4656,8,NAmes,1972,538
1432,143750.0,136440.0741042369,0.05218980629966019,958,1916,6,NPkVill,1976,440
1373,274300.0,260376.14062436184,0.05209492272006777,2097,3205,7,CollgCr,1998,583
220,167240.0,176172.478218675,0.05203329537854806,1248,2496,7,Blmngtn,2005,438
982,336000.0,318967.7107671378,0.052021123544564674,2612,3837,8,NoRidge,1998,676
673,165000.0,173804.62103720917,0.05198601980626805,1208,2416,6,Veenker,1977,546
509,161000.0,152848.8402714166,0.051954572811181876,1378,2067,7,OldTown,1928,360
920,176500.0,185899.22736905655,0.05188357571881674,1414,2598,6,NAmes,1958,601
364,118000.0,112052.84502016188,0.051713584129979395,987,1470,6,BrDale,1972,264
417,149500.0,157421.1390226435,0.05162789884839647,1400,2072,6,Sawyer,1978,440
902,153000.0,145308.81438950798,0.051576343328489926,1306,2298,5,NAmes,1957,756
29,207500.0,197077.62029697146,0.0515334220107313,1600,3084,5,NAmes,1957,319
891,122900.0,116747.27345367969,0.05135904520104262,924,1596,5,NAmes,1949,576
1195,158000.0,150098.8022293249,0.05130094107508576,1352,2015,6,Sawyer,1969,299
1274,177000.0,168150.57254552908,0.051289592092818026,1357,2376,6,Edwards,1959,312
959,185000.0,194708.3529528182,0.05114671852011554,1337,2674,7,CollgCr,2003,531
344,266000.0,279939.0517169259,0.05107541106225,1684,3368,9,NridgHt,2005,564
1054,144500.0,137316.28271940548,0.050992247494964005,1526,2742,5,Edwards,1957,364
172,215000.0,204327.7771124221,0.05091233024175956,1656,2736,6,NAmes,1960,528
498,184000.0,174869.29138499295,0.05089668535772596,1820,2846,7,BrkSide,1925,240
407,115000.0,121003.36892536597,0.05088582778849471,1639,2230,6,SWISU,1936,240
505,147000.0,139729.67622082407,0.05072256091400895,1322,2177,6,NPkVill,1974,440
55,130000.0,123578.30868679607,0.05065901717058807,1360,1744,5,NAmes,1955,572
1138,94000.0,89365.30540264226,0.05056170643753788,1020,1800,5,Sawyer,1875,0
847,213000.0,202498.71399725194,0.05055838634773835,1775,2515,7,SawyerW,1993,425
1327,79000.0,83092.88015774,0.05051054422358092,774,1318,3,Edwards,1931,0
504,289000.0,274774.88763844356,0.050474336945082854,1801,3302,7,Crawfor,1959,484
599,217500.0,206817.5642950317,0.050361540295732254,1647,3077,5,Crawfor,1977,621
28,306000.0,291010.39452258404,0.050225947081001365,1704,3408,8,NridgHt,2007,772
1033,310000.0,325926.77929019276,0.05010029762390644,2520,3858,8,NoRidge,1993,796
796,171000.0,162645.80298309436,0.05008840751896315,1564,2214,6,SawyerW,1980,476
335,192000.0,201858.46715101122,0.05007116776390497,1638,2581,6,Gilbert,1998,472
1310,179200.0,170455.51050145668,0.05002788706750039,1294,2572,6,SawyerW,1991,496
769,216837.0,227945.88757774883,0.04996212163807279,1836,3696,7,CollgCr,2004,484
1382,237500.0,225931.95278209832,0.049933547840605996,2117,3322,6,NAmes,1970,550
1005,181000.0,190256.69886546698,0.04987690690896329,1504,2850,7,Blmngtn,2005,457
753,217000.0,206473.6489736376,0.049724322220791706,1494,2973,6,CollgCr,1997,576
834,167000.0,158901.97036509815,0.04970603375653759,1516,3032,6,NAmes,1964,472
384,76000.0,79855.61945585164,0.04948627176369946,784,1568,6,SawyerW,1928,360
949,192500.0,202248.98889751488,0.04940315252420113,1776,2712,7,CollgCr,2002,474
1297,155000.0,147553.4703234751,0.049234170573710045,1128,2248,5,NAmes,1963,525
1335,125000.0,119009.67409084566,0.049108549939017365,1365,2130,5,BrDale,1970,440
801,200000.0,210058.24179303605,0.04906722817450593,1688,2304,6,ClearCr,1997,603
683,173000.0,181678.39348899512,0.04894618461616673,1291,2582,6,ClearCr,1996,431
1034,230000.0,241511.81723250804,0.0488388883709856,1654,3308,7,CollgCr,2002,900
326,87000.0,91354.48494956203,0.04883871141558416,803,1523,5,IDOTRR,1941,360
273,290000.0,304510.70148567413,0.048825143685540695,2270,3422,8,NoRidge,1999,671
939,239799.0,251795.27948135673,0.048815103218062816,1962,3353,7,CollgCr,2006,868
1189,195000.0,185727.55589922637,0.04871845585603829,1660,2491,7,CollgCr,2002,493
1207,107000.0,112340.56268114634,0.04870571707750315,1056,2112,4,SawyerW,1966,384
644,152000.0,144775.99404178647,0.048692513370188095,1620,2400,5,NWAmes,1969,462
843,174900.0,166593.48264235217,0.048657487769594,1165,2292,6,NAmes,1966,490
204,149000.0,141928.7706279376,0.04862065511535185,848,1696,6,CollgCr,2004,420
383,213500.0,203401.34307926847,0.04845551338659071,1797,2736,7,CollgCr,2006,639
1311,335000.0,319208.5230134294,0.048285817762636185,1902,3804,7,Crawfor,1959,567
373,125000.0,119108.56934341505,0.048277917004755366,752,1496,6,SawyerW,1984,264
1012,100000.0,104943.88868731522,0.04825515678252579,1664,1664,5,Edwards,1965,0
81,193500.0,203047.31127410586,0.04816125688428663,2142,3038,6,NAmes,1968,509
506,124500.0,118652.05932942712,0.04810998096428598,1960,2920,5,OldTown,1952,400
713,189000.0,198306.23056456,0.04806519156629285,1228,2456,8,StoneBr,1988,472
1082,133000.0,126761.98294044874,0.048037580254289836,1040,2080,5,Sawyer,1963,308
1278,197900.0,188652.662663756,0.04785404430375273,1724,3404,6,NWAmes,1967,480
720,128500.0,134711.92485955107,0.047209345336078457,971,1942,5,CollgCr,1969,300
360,280000.0,293494.8979871487,0.047070488385339004,1924,3010,8,NoRidge,1998,592
827,109500.0,104468.46310173615,0.04703887205654844,784,1568,5,BrkSide,1924,0
610,118500.0,113058.10306610787,0.0470106813981932,1029,2058,4,Sawyer,1961,261
1421,179900.0,171644.1244510293,0.04697758409824182,1416,2124,6,NWAmes,1968,776
142,260000.0,248109.20770871366,0.04681244378494398,1734,3468,7,CollgCr,2005,660
150,115000.0,109745.73722002567,0.04676550166675675,1344,2240,5,BrkSide,1936,240
1425,144000.0,137432.62553535867,0.04667916681735562,1344,2368,5,NAmes,1958,484
616,137500.0,144046.98157515202,0.04651525965096148,1054,1990,6,NAmes,1963,480
1336,167900.0,160286.60500948748,0.04640478707477946,1334,2684,6,NWAmes,1977,630
68,226000.0,215752.46441349667,0.04640303667015466,1479,2932,7,CollgCr,2003,558
1131,135000.0,141406.5400806447,0.04636389069652047,1981,3103,4,SWISU,1928,576
778,142500.0,136055.24702542415,0.046280635923672264,894,1758,5,Sawyer,1974,440
656,88000.0,92162.13788304597,0.04621206652808496,1092,1617,6,BrDale,1971,264
851,131500.0,137714.34892568883,0.04617440978854148,848,1696,6,CollgCr,2003,420
1417,122500.0,116989.16177182147,0.04602934937488712,2290,3067,4,OldTown,1885,560
516,402861.0,421829.2429988884,0.04600889378772699,2020,4026,10,NridgHt,2009,900
623,135000.0,128946.34107017826,0.04587807355491336,980,1960,5,Sawyer,1977,484
654,135000.0,128950.88060251385,0.04584286963063278,1469,2225,6,IDOTRR,1906,216
1317,295493.0,282267.39293944475,0.04579016574612815,1630,3252,8,CollgCr,2008,860
690,194700.0,185997.88403243176,0.045724374602228224,1362,2724,6,NridgHt,2005,460
1080,126000.0,131892.82620979063,0.045707408602392974,990,1980,5,CollgCr,1994,299
845,153900.0,147030.40648469832,0.04566332503482684,1416,2292,5,OldTown,1915,720
181,177000.0,169113.54898120306,0.045579092335614746,1525,2281,6,Somerst,2000,440
954,172000.0,164341.32774668565,0.045548674134789024,1968,2752,5,Mitchel,1969,530
233,94500.0,98902.77456394912,0.04553698690564012,987,1470,6,BrDale,1972,288
1243,170000.0,162448.57574919087,0.04543666885197517,1173,2226,7,NWAmes,1974,528
471,212000.0,221839.478691754,0.04536756748752424,1502,2990,8,StoneBr,1985,528
792,146800.0,153610.2795883872,0.04534732469128144,1062,2091,6,Mitchel,1976,539
966,178900.0,170986.64510713477,0.0452412771570021,1484,2267,6,Gilbert,2005,393
301,157000.0,164242.42414229788,0.04509744614516542,1336,2501,5,Crawfor,1953,375
723,124500.0,119029.04227364971,0.044937830670074064,864,1728,4,NAmes,1970,463
1413,90000.0,94133.69639836458,0.04490591561908985,1040,1040,4,NAmes,1949,420
1392,124000.0,129693.3312397714,0.04489075356903349,1584,3168,5,NAmes,1967,792
784,165500.0,158235.01371151413,0.04488956094637153,1110,2207,5,Mitchel,1978,602
780,135000.0,141177.09542657307,0.044739995666747134,1004,1979,6,Mitchel,1977,504
1137,119000.0,124437.78494647992,0.04468201137255079,1252,2284,6,NAmes,1950,288
210,145000.0,151617.50928342895,0.04462691970562993,1092,2184,6,NAmes,1964,504
101,205000.0,214342.09558239073,0.04456312439768695,1610,3220,6,NWAmes,1977,480
1445,179600.0,187668.69235910545,0.04394573825533854,1422,2844,7,CollgCr,2004,626
476,132500.0,138447.95276164854,0.04391149300232655,970,1940,5,Sawyer,1963,624
611,313000.0,327040.6731285667,0.04388121811428469,2153,3593,9,CollgCr,2000,736
1145,80000.0,83581.5373265259,0.04379548002167333,924,1596,4,Edwards,1941,280
342,82000.0,78487.50008900044,0.04377932393654582,841,1562,4,SawyerW,1950,294
725,320000.0,306336.51493054215,0.04363663671392892,1698,3396,9,Edwards,2007,768
519,211000.0,202009.01476701337,0.043545598574553424,1796,2590,6,CollgCr,1998,546
160,320000.0,306368.3732567454,0.043532644652319874,2462,3854,7,Gilbert,2005,576
588,137000.0,131220.65819111338,0.04310028450922054,860,1700,5,Sawyer,1982,528
275,124500.0,129980.12577442902,0.043075505563459515,816,1632,5,Mitchel,1982,264
756,172500.0,165239.35396404163,0.043001928908985576,1471,2200,6,Somerst,1999,440
449,119500.0,124745.73453596265,0.042960818687211244,1376,2156,6,IDOTRR,1937,198
1399,138000.0,144038.86097134318,0.04282914206377697,1904,3112,5,NAmes,1950,240
1330,176500.0,184205.17397111072,0.04272909893829002,1632,2567,7,Gilbert,1998,462
196,148500.0,142292.22829658934,0.04270177577851264,1456,2311,6,NPkVill,1976,440
907,255000.0,266119.42868853477,0.042681479037343095,1636,3259,8,Somerst,2006,865
324,126175.0,120915.44143132945,0.04257801733270483,1163,2325,3,OldTown,1955,220
211,98000.0,93924.74681661537,0.04247314007006686,864,1728,5,Edwards,1925,0
870,236000.0,226257.89827674296,0.0421561310981442,1949,2999,7,SawyerW,1993,574
1061,213500.0,204692.6542860624,0.04212702437981619,1338,2676,8,StoneBr,2001,582
1319,275000.0,263711.48705950694,0.04191528850711457,1787,3540,8,CollgCr,2001,748
193,192000.0,200206.5298376587,0.04185389740298717,1431,2862,7,CollgCr,1999,666
371,172400.0,179767.08653627097,0.04184445337021003,1664,2617,6,Gilbert,2000,460
1055,255000.0,265889.2362558437,0.041816111245964294,1989,3054,8,CollgCr,2002,586
593,138000.0,143876.8809824991,0.04170395953883599,816,1632,5,Mitchel,1982,816
934,190000.0,198059.21418864222,0.04154176122115416,1500,3000,7,CollgCr,2004,570
702,140000.0,145927.9342410199,0.04147018599146257,1164,2328,7,NWAmes,1969,528
888,135500.0,141225.43634396896,0.04138551340024854,1393,2209,5,Edwards,1955,300
1085,187500.0,179935.08734608293,0.04118246119129054,1498,2189,6,Gilbert,1995,409
864,132500.0,138066.5444112599,0.04115282510241869,1148,2296,5,NAmes,1959,672
901,110000.0,114616.1800226657,0.04110824932237911,858,1716,4,NAmes,1971,684
1147,180000.0,172755.72772180667,0.041077999696852885,1298,2596,6,SawyerW,1985,403
214,156000.0,149736.16486356553,0.04098089459013288,990,1980,5,CollgCr,1995,576
195,127000.0,121929.97942664317,0.04073981820726402,864,1728,5,CollgCr,1972,352
1266,183900.0,176572.69273837254,0.04065925750133559,1452,2143,7,Somerst,1999,506
484,164000.0,157480.3277596769,0.0405656280357789,1216,2432,6,Mitchel,1998,402
144,204000.0,212444.04064904837,0.04055842688062761,1501,2991,7,CollgCr,1999,577
721,275000.0,264072.2477365178,0.040548215812982846,1742,3484,8,StoneBr,1985,564
905,125500.0,120527.62509006486,0.04042644933338302,902,1778,5,Sawyer,1967,288
357,173000.0,166146.69509836897,0.040420252537783696,1167,2325,6,Gilbert,1992,400
1115,117000.0,121809.41326136349,0.04028336460823034,833,1666,5,OldTown,1954,326
893,154500.0,148420.35405949227,0.04014535314781931,1068,2127,6,Sawyer,1963,264
184,200000.0,208191.4434175911,0.04014049416240795,2082,3444,7,OldTown,2003,484
17,149000.0,155101.39487426478,0.04013249357082671,1004,2008,6,NAmes,1970,480
908,250000.0,240179.56518038732,0.0400739224710609,2057,3074,7,Crawfor,1936,180
762,100000.0,104082.65272272215,0.0400147429877844,1301,2446,5,BrkSide,1924,440
1304,232000.0,222924.43633665337,0.039904332657920705,1616,3232,7,Somerst,2005,834
456,175500.0,168655.3050535806,0.03978179465173426,1242,2484,7,NWAmes,1973,528
183,120000.0,115333.08570279769,0.03966706627765859,1340,1340,5,Edwards,1957,252
898,142953.0,137399.69728006306,0.0396214455947792,2240,2240,5,SawyerW,1979,528
696,176000.0,169174.327389967,0.03955405950895674,1137,2249,6,Timber,1987,551
223,179900.0,172985.48701253167,0.03919321789182817,1552,2265,6,NWAmes,1975,434
553,255500.0,265696.4834529428,0.039132057805254306,1717,3426,8,NridgHt,2006,908
512,202665.0,194904.11822480487,0.039046436876502,1368,2736,7,NridgHt,2005,474
867,248900.0,258809.44610427174,0.039040698386640926,1646,3284,8,Timber,2006,870
1148,174500.0,181436.54244944244,0.03898100346152589,1564,2268,7,Crawfor,1941,234
491,115000.0,110609.36800843399,0.038926995987946356,1304,1568,5,MeadowV,1976,336
961,116500.0,121102.55875154781,0.03874618035049515,858,1716,5,BrkSide,1958,0
1205,153500.0,147675.31834393583,0.038684241177323386,1074,2130,5,NWAmes,1975,495
1070,135000.0,129880.53971210646,0.038659383771776135,893,1738,5,NAmes,1949,576
1003,232000.0,241132.27137583512,0.038608091905105724,1574,3148,8,Somerst,2006,824
1369,144000.0,138553.39555289448,0.03855724779979042,848,1696,6,CollgCr,2003,420
1117,184100.0,191327.49587814687,0.03850730441020467,1419,1827,8,Gilbert,2002,527
118,155000.0,149150.40196856938,0.03846965787253609,1125,2250,5,Edwards,2006,430
1015,119200.0,114703.76270468028,0.03844959743998899,1082,2164,6,NAmes,1948,240
781,176000.0,169371.18496391666,0.038391105483579935,1253,2490,7,Gilbert,1995,402
112,180000.0,173234.0812365785,0.03831288325668325,1430,1814,7,Gilbert,2000,400
337,377426.0,363260.4402614526,0.038254376369776466,1922,3844,9,StoneBr,2005,676
754,275500.0,265163.2134046805,0.03824195105718786,2098,3128,8,NridgHt,2005,878
1215,134500.0,129459.73400694871,0.0381940110986001,999,1924,5,NAmes,1962,300
436,212000.0,220241.49455469512,0.03813819565695198,1661,2460,7,CollgCr,1996,550
976,165000.0,171404.65537050314,0.03808146629153697,1382,2055,7,Somerst,2000,490
522,150000.0,155786.7645958906,0.03785263685143825,1244,2488,6,NAmes,1957,336
822,93000.0,89553.28325939763,0.03776528749504671,936,1872,4,OldTown,1953,576
1451,136000.0,130960.9308716435,0.03775556171583361,1792,2688,5,NAmes,1974,0
111,136900.0,142151.889169016,0.03764512581166457,1855,2849,6,Edwards,1954,325
1406,275000.0,285541.65222744166,0.037616678756347,1646,3240,8,Crawfor,2004,482
576,118500.0,114145.6017096299,0.037437797218567326,1216,2048,5,NAmes,1947,336
1088,252000.0,261595.10133892618,0.037368660575811674,1953,3035,8,Somerst,2005,1043
282,185000.0,192035.5578885839,0.03732452910350936,1262,2524,6,Somerst,2006,572
95,204750.0,197265.06054258224,0.037241228045655106,1786,2610,6,CollgCr,1997,684
428,109008.0,113121.12422444421,0.037037532848716026,907,1814,4,NAmes,1957,352
892,172500.0,166235.58950887824,0.036991021881911834,1683,2601,6,Sawyer,1978,440
1187,95000.0,98575.01271131908,0.03694053536070818,1699,2677,3,OldTown,1900,420
478,380000.0,394188.9022386243,0.03665889426159552,2643,4796,9,NridgHt,2006,694
993,187000.0,193978.8874920843,0.03664051653385414,1851,2673,6,NAmes,1964,440
1366,216000.0,208238.7446958711,0.036593002626590376,1674,2488,7,Somerst,2000,663
1007,163500.0,169572.23072262068,0.036465766653167364,1657,3314,6,NAmes,1970,484
1013,165000.0,159108.1715777882,0.0363609541826051,1502,2104,6,Crawfor,1923,180
1239,142500.0,137421.26447902864,0.03629060923488581,1141,2282,6,SawyerW,2005,484
1250,119000.0,123390.61990420741,0.036231302713206404,988,1864,5,NAmes,1950,276
135,180000.0,173598.96845038404,0.036208785941520105,1721,3182,5,Sawyer,1968,440
1442,149300.0,144000.76193591135,0.0361388672791616,848,1696,6,CollgCr,2004,420
106,250000.0,259159.30866014195,0.03598190472904683,1992,3045,8,Somerst,2003,648
356,177500.0,171230.63853733154,0.03595899152854365,1200,2400,6,CollgCr,1995,521
497,430000.0,414824.59844817605,0.035929347066344874,3228,6428,8,NoRidge,1992,546
570,135960.0,140933.55199733953,0.03592753248087455,943,1886,5,NAmes,1979,600
1298,140000.0,145111.9241258952,0.03586266095747881,1072,1619,6,Edwards,2005,525
1111,188000.0,181383.9807145691,0.03582554421334727,1658,2431,6,Gilbert,1995,431
701,312500.0,301506.0753247923,0.03581418619887344,1800,3600,8,Timber,2002,765
565,268000.0,258589.8910201108,0.03574347033664971,2295,3390,7,NoRidge,1992,590
732,187500.0,194252.96411497297,0.035382217594243315,1146,2014,7,Timber,2003,438
1218,229456.0,237700.49236852562,0.03530000460495941,1314,2614,8,Somerst,2009,552
1328,130500.0,135179.86800482162,0.03523275518682922,816,1632,5,Mitchel,1982,264
794,225000.0,233045.30968717637,0.035132341199963335,1496,2992,8,Somerst,2007,474
1075,194000.0,187309.70014919795,0.03509457747159139,1240,2480,7,CollgCr,2006,826
859,152000.0,157412.31625634746,0.0349878340073122,1370,2460,7,NWAmes,1976,479
158,269500.0,279036.9205756112,0.0347755877099285,1968,2742,8,Timber,2009,680
1273,137000.0,132327.06090664075,0.03470407586149982,935,1870,5,Sawyer,1965,288
1296,138500.0,133779.25987735792,0.03467894355699208,1052,2104,5,NAmes,1968,288
2,181500.0,187890.0985535368,0.034601368647608766,1262,2524,6,Veenker,1976,460
544,133000.0,137681.94031488447,0.03459686083587066,767,1490,7,NAmes,1998,367
743,179000.0,172922.14458029508,0.03454414760920521,1349,2698,7,SawyerW,2000,539
1092,160000.0,154571.44797840982,0.03451715983052139,1252,1852,7,Somerst,1999,462
123,136000.0,140757.95883661258,0.03438667704815934,1080,2160,6,NAmes,1958,288
1042,173000.0,167152.6589948109,0.0343838717149243,1632,2432,6,NWAmes,1966,484
624,168500.0,174370.89226932783,0.03424864581252507,1512,2268,6,Somerst,2000,440
811,181000.0,187305.69409815047,0.03424479267838976,1309,2349,6,NWAmes,1974,484
640,264561.0,273741.2586178623,0.0341113733425793,1567,3087,8,Blmngtn,2006,648
634,139400.0,144213.4343304949,0.03394664731869668,1056,2112,5,NAmes,1954,260
250,277000.0,286541.39116576244,0.0338653711045076,2144,3588,6,ClearCr,1958,389
1303,290000.0,299902.41685063776,0.033576107739516914,2526,3691,8,NoRidge,1994,844
459,161000.0,155709.83172922872,0.033409931778848545,1666,2254,8,OldTown,1925,228
1125,163900.0,169450.9319201752,0.03330671209793756,1482,1866,7,Gilbert,1992,392
1428,140000.0,135415.06871374146,0.03329753612721831,1558,2471,5,NAmes,1945,288
604,151000.0,156106.30198296605,0.03325714471527341,1200,1800,7,Somerst,2004,480
621,67000.0,69259.19449710501,0.033162802534551616,864,1728,3,Edwards,1914,0
1175,239000.0,231204.82989317554,0.03315938374193372,2345,3297,6,Crawfor,1932,360
1430,182900.0,189058.5993222884,0.03311728282946369,1440,2880,6,NWAmes,1981,467
1010,102000.0,105429.7435629669,0.033071661075910086,1522,2016,5,SWISU,1926,0
88,164500.0,159160.7734161091,0.03299552136964401,1224,1836,6,Somerst,2009,528
929,236500.0,244431.32875001951,0.032986060324519784,1788,3541,8,CollgCr,2001,522
48,249700.0,241599.832669778,0.03297728954788681,1656,3312,8,Somerst,2006,826
1420,223000.0,215789.09623655982,0.03287009723450751,1844,3688,6,Crawfor,1969,540
821,183000.0,189107.03951450944,0.032826872072623914,1640,2438,7,CollgCr,2003,595
635,144000.0,139362.9883146105,0.03273111251139049,1056,2112,6,OldTown,1980,576
311,165600.0,171044.72907657607,0.03234966167207887,1501,2198,6,Gilbert,1993,420
577,145000.0,149750.5641424234,0.03223704301702135,1477,2338,7,SWISU,1928,216
912,143500.0,148200.84414425708,0.03223315258652448,1268,2536,5,CollgCr,1977,252
839,144000.0,148715.0685223873,0.032218663634319356,1099,2198,5,CollgCr,1995,352
906,128000.0,123942.49862947984,0.03221227084077327,1063,2119,5,NAmes,1954,280
136,174000.0,179682.1407763203,0.032133924345504994,1682,2986,7,NWAmes,1970,530
733,222500.0,229750.64472751494,0.03206732400242274,2031,3184,7,CollgCr,1998,541
116,176000.0,170453.4381894624,0.03202164052273737,1458,2187,6,Somerst,1999,440
853,164000.0,169327.64072451874,0.03196892090301873,1646,2564,7,Crawfor,1941,240
1210,290000.0,299414.0087499376,0.031946228903963814,1660,3320,8,Somerst,2006,500
819,155000.0,150128.170056038,0.031935511271072414,1052,2062,6,ClearCr,1971,440
1247,186500.0,192550.95939959784,0.03192943526543068,1553,2309,7,Somerst,2005,615
1180,93000.0,96008.44241606508,0.03183629934801502,1124,1124,5,Edwards,1954,0
1116,318000.0,308064.74779682106,0.03174130036376077,1734,3468,8,NridgHt,2007,928
249,180000.0,185798.63983025798,0.03170648146667432,1668,2508,7,CollgCr,2003,500
1435,160000.0,155036.5509012562,0.03151271375713094,1126,2252,5,Mitchel,1977,484
828,189000.0,195045.86329123736,0.03148754820993638,1434,2888,7,SawyerW,2001,527
600,151000.0,146332.61787540733,0.031397390425516036,1556,2272,6,Blueste,1980,452
549,125000.0,121136.30361496033,0.03139709438555904,825,1650,5,OldTown,1955,720
740,190000.0,196054.7949521568,0.031369951538954055,1728,2592,7,CollgCr,2004,572
1,208500.0,202066.88901119068,0.031340112239051976,1710,2566,7,CollgCr,2003,548
1334,125500.0,129488.56542798193,0.03128657537990165,1360,2163,5,IDOTRR,1938,297
312,132000.0,136192.8775442863,0.03126994243888426,972,1944,6,NAmes,1948,240
923,169990.0,175389.0291389261,0.0312667374355744,1316,2632,6,Gilbert,2005,397
1401,120000.0,123796.11615029199,0.03114398947438346,1158,2020,6,BrkSide,1929,208
1052,200141.0,194010.67278975144,0.031108788344694105,1316,2632,7,CollgCr,2007,440
10,118000.0,121726.14219196641,0.03108890152744692,1077,2068,5,BrkSide,1939,205
883,178000.0,172563.85160708003,0.03101605108902561,1593,2401,6,Gilbert,1992,389
376,61000.0,59139.57506189431,0.03097301936601582,904,1587,1,Edwards,1922,0
1224,137900.0,133701.6981138065,0.030917372142738486,2136,4272,5,NAmes,1951,528
322,354000.0,343283.0712207713,0.03074143760872694,2468,3604,8,NridgHt,2004,872
1199,178000.0,172658.65770298475,0.030466807940111806,1212,2424,7,CollgCr,2001,573
1276,137000.0,141233.23465297307,0.030431525649493807,1920,2848,5,NAmes,1948,400
386,192000.0,186262.96767787024,0.03033573165621206,1269,2525,8,Blmngtn,2004,430
90,123600.0,119925.71540145646,0.030177784367813487,990,1980,4,CollgCr,1994,0
248,140000.0,144271.383252098,0.030053497768239623,1375,2742,6,NAmes,1954,451
33,179900.0,185372.84163252247,0.029967852074463508,1234,2468,8,CollgCr,2007,484
1367,193000.0,198850.6116407565,0.02986350618866318,1790,2663,7,CollgCr,1999,588
1071,135000.0,131028.59382317164,0.029858981083293656,1048,2096,5,NAmes,1956,286
742,142000.0,137838.88991151226,0.029741306279287727,912,1824,6,Sawyer,1961,288
1233,101800.0,98819.70446516195,0.02971278508757358,1224,1224,4,NAmes,1962,462
251,76500.0,74273.34188722259,0.02953825182148151,1306,2034,3,BrkSide,1940,0
1286,132500.0,128646.38581707183,0.02951497416234794,1412,2192,6,BrkSide,1939,280
16,132000.0,135946.1509042294,0.029456715605265416,854,1686,7,BrkSide,1929,576
1256,127500.0,131301.10926458403,0.029376637942249317,1367,2251,6,BrkSide,1931,560
1190,189000.0,194592.6768156244,0.029161369933712322,1804,2798,7,Gilbert,1999,442
87,174000.0,179141.88835996902,0.029122700071287255,1560,2244,6,Gilbert,2005,400
1019,160000.0,164686.18586999504,0.028867766088795932,1472,1856,7,Gilbert,1991,402
1437,120500.0,117088.6511147205,0.0287181614287082,864,1728,4,NAmes,1971,528
1242,248328.0,255552.56595042726,0.028677559244570716,1689,3378,7,Somerst,2007,954
661,197900.0,203622.5150760609,0.028505868798619716,1935,2728,7,NWAmes,1976,550
21,325300.0,316182.00186164584,0.02842974178295954,2376,3534,8,NridgHt,2005,853
1307,202500.0,196826.54711513873,0.02841687480491295,1368,2736,7,NridgHt,2005,474
167,190000.0,184689.48183638504,0.028347982527455073,1867,3484,5,ClearCr,1955,303
676,148500.0,144354.832527076,0.028310381481595925,1441,2296,6,NPkVill,1978,440
395,109000.0,112124.22097191853,0.02825923464207669,1034,1769,5,OldTown,1940,240
1459,142125.0,138182.48680120165,0.028131571601699434,1078,2156,5,NAmes,1950,240
74,144900.0,140886.81134466318,0.028086841166935272,1086,2172,5,NAmes,1954,490
924,193000.0,187668.57501711365,0.028012533460222144,1617,3221,6,SawyerW,1993,533
1059,335000.0,344496.2961596541,0.027952724934507955,2184,3288,9,NridgHt,2008,836
1122,212900.0,218931.3290612285,0.027935413416566135,1552,3104,7,CollgCr,2005,782
124,153900.0,158258.9905329608,0.027929651811994916,1199,2398,6,SawyerW,1993,530
1275,139000.0,135181.71413121105,0.027853825973670254,1250,1911,5,Crawfor,1910,552
206,180500.0,185579.08281264768,0.027750184238060527,1442,2866,7,Gilbert,1990,500
1022,194000.0,199381.1699326485,0.02736012124790399,1220,2419,7,CollgCr,2006,632
962,272000.0,279534.5835174016,0.02732385306431162,2872,4202,6,NWAmes,1977,619
655,350000.0,359669.4736303688,0.027252249611594337,2113,4222,8,NoRidge,1995,839
177,211000.0,216797.89278120408,0.027107289653354627,2060,3211,6,ClearCr,1988,521
1119,140000.0,136271.13801221616,0.026995664272558173,1601,2134,5,Sawyer,1958,300
646,143250.0,139443.75637279561,0.02692982520973075,981,1962,6,NAmes,1971,576
862,131500.0,135068.6385554102,0.026776030437662968,1039,2078,5,Sawyer,1965,504
1041,155000.0,150908.9585999453,0.026748210216977597,1803,2937,5,Sawyer,1957,484
1308,138000.0,141734.29060294008,0.026700235718726262,990,1980,5,CollgCr,1994,480
607,152000.0,148003.6424847329,0.026643458359771444,1040,2080,5,CollgCr,1996,576
266,175500.0,180229.74906984897,0.026593228289167214,1422,2844,6,NWAmes,1981,576
475,251000.0,244416.11541898604,0.02658066798624681,1652,3146,8,StoneBr,2000,499
840,130500.0,127082.79617142302,0.026534208317118058,1200,1968,5,Edwards,1946,240
641,274000.0,266863.65078876587,0.026390152031334324,1518,3036,8,NridgHt,2003,588
1129,215000.0,209407.06433330846,0.02635786996436984,1959,2806,7,Gilbert,2004,434
660,167000.0,162664.76266403074,0.02630224064643727,1486,2972,5,Edwards,1964,480
202,171500.0,167070.05412967573,0.026169901733959833,1279,2475,6,Mitchel,1977,473
584,325000.0,316607.66261675535,0.026161750783332494,2775,4012,10,OldTown,1893,880
1161,146000.0,142232.24750902585,0.026145172879306955,1456,2311,6,NPkVill,1978,440
1009,240000.0,233814.32862771867,0.02611148011835951,1710,3420,7,Mitchel,2004,550
221,204900.0,210314.85217260825,0.0260835230575438,1498,2996,7,CollgCr,2006,675
603,220000.0,214339.69632165844,0.026065303838926468,1915,2823,8,SawyerW,1992,506
948,270000.0,277129.06680375955,0.026061288533780314,1629,3245,8,Timber,2002,808
771,134900.0,131475.87933887937,0.025710162443477458,858,1716,5,Sawyer,1982,576
529,86000.0,88239.25983001168,0.025704395431118243,605,1133,4,Edwards,1920,0
554,108000.0,105276.77662822281,0.025538137639506076,1126,1126,4,Edwards,1949,520
807,135500.0,132087.5356012475,0.025506598363060462,980,1960,5,NAmes,1967,384
146,130000.0,133331.04133777926,0.02530042569257951,1709,2679,6,Edwards,2004,380
738,239900.0,233913.02492705305,0.025272705237785686,1801,2694,8,Gilbert,2005,800
464,188700.0,183998.47518836881,0.025230846409733942,1660,2375,6,Crawfor,1934,240
518,265000.0,258405.79771059047,0.02519852107205267,2344,3608,7,NoRidge,1996,889
571,142600.0,139076.67361017823,0.02501794056894191,1728,3456,5,NAmes,1965,576
370,162000.0,166097.5085450628,0.024978529266991956,1287,2350,5,NAmes,1959,576
747,236000.0,230183.93398477614,0.024952995661911004,2256,3208,7,Gilbert,2000,554
318,270000.0,263378.5723584687,0.0248294300819083,1959,3047,8,Somerst,2006,1025
786,161500.0,165554.36222299497,0.024794319228032435,1342,2714,6,NWAmes,1967,457
354,105900.0,108539.3051041998,0.024616884181865473,720,1344,6,OldTown,1928,484
60,124900.0,121863.8437804594,0.02460883074239817,780,1560,5,CollgCr,1972,352
469,250000.0,243931.44967637843,0.02457357647847047,1634,3260,8,NridgHt,2006,866
1211,189000.0,193699.88951636967,0.02456285658879409,1845,2900,6,SawyerW,1992,462
649,155000.0,158847.32388598163,0.024518240596623997,1839,2595,6,NAmes,1966,442
841,140000.0,136618.50407495658,0.024449846103149042,1482,2154,6,SWISU,1925,400
579,146000.0,149595.1789465085,0.02432605241281749,1392,2081,7,Somerst,2007,540
1397,160000.0,156166.4746624381,0.024251078284946104,1687,2434,5,Timber,1948,572
797,143500.0,140068.51830003416,0.02420314516601252,1285,1945,6,Sawyer,1977,528
185,127000.0,130104.60254257929,0.0241514875036426,1252,1756,5,BrkSide,1908,576
1262,128900.0,125825.86921139236,0.02413775967098175,1050,2100,5,NAmes,1956,338
680,128500.0,125437.0594428611,0.024124599926427237,988,1976,5,Sawyer,1961,572
1160,185000.0,180603.58465013764,0.024051204148769045,1876,2777,6,NWAmes,1974,540
70,225000.0,219708.0797025535,0.023800540371150092,2287,3591,7,ClearCr,1953,667
1261,181000.0,185353.70063363767,0.02376873401320445,1675,2516,6,Gilbert,1999,502
433,122500.0,125444.42689431479,0.02375162531873798,1365,2130,5,BrDale,1971,440
774,114500.0,117240.53248127464,0.023652630494245486,912,1824,5,NAmes,1958,275
944,143000.0,139658.61379380195,0.023643491159889507,1632,3264,5,Mitchel,1967,576
880,136500.0,139762.24148735212,0.023617918192265108,864,1728,5,CollgCr,1978,336
1362,260000.0,253937.99572627302,0.02359141329591985,1530,3060,7,StoneBr,2005,430
479,297000.0,304080.28960863163,0.023559559889200443,1718,3423,8,CollgCr,2007,826
134,220000.0,214881.05094665237,0.02354281445321682,1296,2563,8,Timber,2001,471
546,229000.0,234427.26591767534,0.023423268461716162,2183,3387,7,NWAmes,1988,786
406,150000.0,153551.5193974772,0.023400693679889173,1620,2901,4,Sawyer,1976,490
472,190000.0,194484.95407366156,0.023330609586722062,1969,2777,7,NWAmes,1977,534
284,244600.0,238977.39915309742,0.02325514381773708,1468,2936,8,Somerst,2008,898
832,151000.0,154544.88994322094,0.02320461521208017,1200,1720,7,Somerst,2005,480
405,168000.0,171938.75093539522,0.023174198423415504,1572,2378,6,Gilbert,1995,373
566,128000.0,130998.26077493383,0.023153603856693294,1647,2453,6,SWISU,1915,216
438,119000.0,116277.80366834614,0.023141109169731777,904,1788,6,BrkSide,1926,180
42,170000.0,166115.88631040457,0.023112644415649086,1328,2678,5,Timber,1959,308
1229,367294.0,375880.4831484165,0.02310854942760443,1702,3404,9,NridgHt,2008,1052
486,147000.0,143649.8051570663,0.02305399907533534,1113,2226,5,NAmes,1950,264
585,133000.0,129979.48571880502,0.022972317657856678,1573,2457,4,BrkSide,1935,240
1361,189000.0,184714.93430636602,0.022933151281751663,2601,3213,5,SWISU,1921,621
420,142000.0,138787.2780425477,0.022884507466592652,1056,2112,5,NAmes,1968,304
831,166000.0,169841.90623143537,0.022880116397866246,1392,2784,6,NAmes,1957,458
426,135000.0,138115.89687994594,0.02281821961018693,1389,2040,7,OldTown,1946,240
1118,130000.0,132987.7435183048,0.022722346705586816,894,1788,5,Sawyer,1967,450
1390,131000.0,134007.60491229553,0.022699056892765412,1218,1953,6,BrkSide,1941,440
1149,116900.0,119583.28486958523,0.02269401271027327,1111,1683,7,OldTown,1926,288
1402,193000.0,188677.5989666762,0.022650337297033474,1593,2432,6,Gilbert,2004,398
531,175000.0,178972.84634356035,0.02244799716026158,1509,2970,6,Timber,1988,600
977,85500.0,87434.3618910443,0.02237172734862014,869,1309,4,BrkSide,1923,0
572,120000.0,122702.6507331908,0.022272028520324838,864,1728,6,NAmes,1959,288
652,108000.0,110427.39715686695,0.02222683505062406,1510,2265,4,Edwards,1940,296
1352,171000.0,167242.36770464847,0.02221936119639878,1716,2574,6,NAmes,1962,490
1136,102000.0,104289.41309171374,0.022196823958134715,986,1946,6,BrkSide,1926,180
1354,410000.0,401017.19722816034,0.022152792821476197,3238,5271,8,NoRidge,1995,666
1407,133000.0,130090.12626259438,0.02212147084977012,768,1536,5,CollgCr,1972,396
467,167000.0,163352.7874773609,0.022081476373539743,1277,2554,7,NAmes,1970,526
617,183200.0,187286.71470669477,0.02206210502981598,1509,2292,6,Gilbert,2002,393
1030,118000.0,120630.14313581881,0.02204438690718824,1218,1890,6,BrDale,1972,264
353,95000.0,92931.473199718,0.022014283068736873,1111,1727,5,Edwards,1941,200
997,136500.0,133533.7986805806,0.021969832458218264,1050,2100,5,NAmes,1961,368
26,256300.0,250735.12294441083,0.021951451925295018,1600,3166,8,NridgHt,2007,890
686,207500.0,212064.52941448725,0.02175916898561958,2090,3280,7,StoneBr,1984,577
507,215000.0,219727.45851010815,0.02174982522290847,1911,2688,8,SawyerW,1993,471
766,264132.0,269898.5626805716,0.02159713555435161,1506,3004,9,Somerst,2008,592
1106,325000.0,318067.16824926116,0.021562533877203194,2622,4085,8,NoRidge,1994,712
653,191000.0,195151.122808625,0.021500707762957205,1716,2596,7,CollgCr,1996,512
451,110000.0,107673.80321433561,0.021373853310855395,813,1626,6,OldTown,1930,270
1321,156500.0,159866.0437931019,0.021280093752375606,1478,2956,6,NAmes,1957,442
1332,132500.0,129711.53479050343,0.02126946142382735,954,1865,5,CollgCr,1976,576
666,230500.0,235440.5182359519,0.021207351587062107,1936,3342,8,Gilbert,2000,504
453,204000.0,199741.086176912,0.02109793057017839,1756,2628,6,Timber,1996,422
830,147400.0,150539.44015782396,0.02107498946897124,1223,1743,7,Somerst,2005,480
461,263435.0,257961.0970980359,0.020997790573298758,1935,2767,8,Somerst,2009,552
551,140000.0,137097.62787410093,0.0209489871349966,1069,2138,6,NPkVill,1977,440
1353,134900.0,132108.54526049923,0.020909709328117643,1176,1874,6,BrkSide,1937,624
1035,119750.0,117279.80216550524,0.020843509125091586,954,1874,5,Crawfor,1938,240
255,145000.0,142028.87882046727,0.02070318925258441,1314,2628,5,NAmes,1957,294
122,100000.0,97971.5139311635,0.020493216696779726,1123,1855,4,IDOTRR,1939,264
1309,147000.0,144022.9496323538,0.020459786838459948,1122,2046,5,OldTown,1948,528
760,290000.0,295961.500125738,0.02034838628352631,2531,3849,8,NoRidge,1995,752
651,205950.0,201801.79172397454,0.02034733448109094,1665,2478,7,Somerst,2007,562
953,133900.0,131222.43711107236,0.020199223855428272,768,1536,5,CollgCr,1972,396
36,309000.0,302821.24616462423,0.020198526094748814,2452,3569,8,NridgHt,2004,691
277,201000.0,205098.49742134596,0.020185331496385572,1560,3120,7,Mitchel,2003,573
387,81000.0,79383.07898831528,0.020163668648239153,1184,1842,5,Edwards,1910,0
909,131000.0,128411.21834136304,0.019959411609386635,902,1766,5,Mitchel,1983,484
393,106500.0,108647.03404073937,0.019959237337118907,882,882,5,NAmes,1959,294
1324,82500.0,84158.90682536691,0.01990822739645637,708,1128,4,BrkSide,1940,0
817,137000.0,134312.3748742636,0.01981253696821028,1008,2016,5,NAmes,1954,275
147,105000.0,107097.91630694043,0.01978298496485209,875,1590,5,BrkSide,1931,180
803,189000.0,192774.70931495313,0.019775079157899,1456,2184,7,CollgCr,2005,410
114,217000.0,212756.8187652222,0.01974744409372242,2259,4068,6,Crawfor,1953,450
710,109900.0,112089.2030520278,0.019723970990968454,904,1780,5,Sawyer,1966,408
791,160200.0,163386.6258642797,0.019696173641504444,1145,2290,7,Blmngtn,2005,397
58,196500.0,192686.08240581484,0.01959998192039336,1720,2580,7,CollgCr,2004,565
148,222500.0,218185.28663019696,0.019582372261869097,2035,2919,7,Gilbert,2001,434
235,216500.0,212324.56685564126,0.019474376952432593,1960,2820,6,Gilbert,2002,440
389,191000.0,194751.16816010416,0.01944915409676362,1479,2947,7,CollgCr,1999,577
605,221000.0,216743.4540309133,0.019448198000363348,1494,2988,7,CollgCr,2002,530
285,179200.0,182715.89071593847,0.01942982878075128,1575,3150,6,SawyerW,1992,529
1102,119500.0,117214.4689325859,0.019310883624656938,950,1900,5,NAmes,1971,280
718,157000.0,153999.767127912,0.019294591003474082,1178,2354,5,NWAmes,1973,439
986,125000.0,127430.65457406719,0.01925844104967034,1164,2328,5,Edwards,1950,240
1314,333168.0,326838.1512082685,0.01918171120049017,2599,3992,9,NoRidge,1999,779
625,165150.0,162014.41599983332,0.019168715722180707,1790,2522,6,NWAmes,1972,484
815,116000.0,118240.76728336496,0.019132591907180085,1250,1936,5,Edwards,1918,280
234,128200.0,130658.84027972454,0.018997962232282006,894,1788,5,CollgCr,1976,308
1100,157000.0,160010.00990326478,0.018990450007027704,1601,2872,7,NWAmes,1978,478
1044,262280.0,257355.34182843534,0.018954779497267538,2329,3804,7,SawyerW,1990,514
698,123500.0,125861.50128441173,0.01894079824537087,1148,2128,5,Edwards,1952,308
925,207500.0,203652.71752692782,0.018715070518245724,1686,3372,6,NWAmes,1980,612
731,236500.0,240950.08955641196,0.01864152874238023,1616,3211,8,StoneBr,1995,608
1368,127000.0,129389.48760189835,0.018639907344059736,1475,2232,5,MeadowV,1977,336
1456,175000.0,178274.0115923647,0.01853567874664641,1647,2600,6,Gilbert,1999,460
485,132500.0,134977.21928182384,0.018523234201184735,999,1998,5,Sawyer,1962,264
1139,196000.0,199656.74852377138,0.018484882035100014,1567,3134,6,Mitchel,1977,714
825,232600.0,236912.47574436577,0.018370453927886388,1489,2978,8,Somerst,2006,776
1220,91500.0,93183.8368067099,0.018235112064765246,1218,1890,6,BrDale,1971,0
1342,155000.0,157842.93229182632,0.018175206044151793,1114,2228,6,SawyerW,2003,576
1292,119500.0,117348.13327232449,0.018171203102106404,1302,1932,5,BrDale,1972,264
1434,186500.0,189919.57784282672,0.0181693724160521,1792,2728,6,Gilbert,2000,451
346,140200.0,137699.09086028108,0.01799904166600541,1577,2549,6,BrkSide,1939,312
782,175900.0,172762.59960791873,0.01799715301277338,1603,2364,6,SawyerW,1992,484
161,162500.0,165447.91047027515,0.01797829349824731,1232,2464,6,Veenker,1984,516
1095,129000.0,131324.92136554225,0.01786202646464652,936,1872,5,NAmes,1956,308
556,113000.0,115035.81211629641,0.017855514268854122,1048,2041,5,BrkSide,1922,280
103,118964.0,116860.00625421747,0.017844084347295563,1535,1535,5,SawyerW,1979,410
1455,185000.0,188327.16425946244,0.01782476522261689,1221,2442,7,Somerst,2004,400
1151,124000.0,121813.53660367448,0.01778993379244831,932,1864,6,NAmes,1950,306
557,141000.0,143527.18520109903,0.017764445912868965,1092,2184,5,NAmes,1957,299
35,277500.0,282423.1994178033,0.017585657153526668,1561,3122,9,NridgHt,2005,556
594,140000.0,142472.74117347368,0.017508144820659766,848,1696,6,CollgCr,2003,420
1446,129000.0,131277.58159965955,0.017501486063695282,913,1727,6,Sawyer,1966,240
256,230000.0,226025.19320013648,0.017432765067679767,2291,3266,7,Gilbert,1999,429
499,130000.0,132275.45360595832,0.017351935268157703,899,1763,5,Sawyer,1967,288
64,140000.0,137599.23746119617,0.017296914207744152,1710,2286,7,OldTown,1921,480
1197,219210.0,223032.24915966616,0.017286123420099386,1863,2742,7,Gilbert,2006,660
1227,214000.0,217731.07377617236,0.017284599641911313,1933,2827,6,Somerst,2007,668
390,426000.0,433426.0239996959,0.01728174695728235,2332,4014,10,NridgHt,2007,846
409,280000.0,275256.49361708964,0.01708617459233963,2172,3235,7,NridgHt,2006,947
477,208900.0,212497.34108117188,0.01707372612668223,1493,2971,6,CollgCr,1997,508
1403,193879.0,190603.89039253764,0.017036762203034073,1294,2580,7,CollgCr,2006,662
1159,235128.0,231158.95144422806,0.017024398307126987,1580,3160,8,Somerst,2007,830
1113,129900.0,127714.91410705222,0.016964245560481928,816,1632,5,NAmes,1957,308
990,197000.0,193729.42777933116,0.016741159649564352,1576,2346,7,Somerst,2006,614
515,96500.0,94899.08047851667,0.016728817335076585,789,1557,5,Crawfor,1926,200
345,85000.0,86424.13536115501,0.016615530906310738,1112,1648,5,MeadowV,1976,336
1089,137500.0,139785.69147029804,0.01648643853869558,1709,2679,7,Edwards,2004,380
418,239000.0,242965.90932390728,0.0164575224228507,2624,3994,6,Crawfor,1918,864
445,210000.0,213473.31140817137,0.016404211545399505,1908,2823,7,CollgCr,1994,493
338,214000.0,217518.36058472097,0.016307172841706574,1536,3072,7,CollgCr,2002,532
1396,281213.0,276669.2676719463,0.0162895176063671,2482,3576,8,Timber,2005,642
339,202500.0,205812.73607417906,0.016226741139103495,1621,2829,7,NWAmes,1984,440
881,157000.0,159562.09122473857,0.01618722552632157,1090,2180,5,Edwards,2005,450
307,225000.0,228660.6495366727,0.01613855137636122,2243,2943,7,SawyerW,1990,746
868,129000.0,131094.43993987306,0.016105450827767598,1120,2160,4,Sawyer,1961,544
1202,197900.0,194740.13783906843,0.01609572725668329,1779,2645,7,CollgCr,1998,546
425,139000.0,141241.67110999828,0.01599835538409522,1196,2392,6,NAmes,1956,297
770,538000.0,546582.0299620358,0.015825807577360962,3279,4929,8,StoneBr,2003,841
162,412500.0,419076.47048055823,0.015817166565522456,2668,4240,9,NridgHt,2003,726
503,140000.0,142212.35550609996,0.01567886809529817,1214,2428,5,Edwards,1965,461
175,184000.0,186896.31031996448,0.015618130969713206,1651,3257,6,Timber,1986,616
985,126000.0,124055.73839475607,0.015550814775414423,1734,1734,5,Mitchel,1977,539
968,135000.0,132923.63081694662,0.015499903810479054,1098,2196,5,NAmes,1955,260
429,195400.0,198441.00278887007,0.015443022746216784,1208,2416,7,CollgCr,2007,628
501,113000.0,111269.14276695473,0.015435704994112953,1218,1890,6,BrDale,1973,264
736,163000.0,165516.00627745368,0.015317610744180143,1768,2648,7,OldTown,1914,320
833,237000.0,233451.34499763197,0.015086394201649256,1829,2770,7,CollgCr,2003,613
1408,112000.0,113700.62544363913,0.015069896725961485,833,1666,5,Mitchel,1985,0
684,285000.0,280755.6583766363,0.015004379306589044,1668,3294,9,CollgCr,2002,702
80,110000.0,111660.13043789341,0.014979207099615977,1230,1670,5,OldTown,1910,440
601,275000.0,270925.83675682265,0.014925924660799339,1904,2962,8,NridgHt,2005,736
1312,203000.0,206052.6363070188,0.014925600183477883,1274,2548,7,CollgCr,2005,508
1315,119000.0,117238.28303287426,0.01491489599335516,948,1896,4,Edwards,1954,280
877,132250.0,134237.20811541914,0.014914262117839527,1040,2104,4,Mitchel,1963,648
789,107900.0,109512.98269878005,0.014838096921666377,901,1802,4,OldTown,1954,281
1458,266500.0,262624.7567602019,0.0146479552592087,2340,3492,7,Crawfor,1941,252
543,213250.0,216386.60685924848,0.014601400042977275,1680,3330,7,NWAmes,1998,583
613,261500.0,265342.4823216979,0.014587038811466613,1872,3171,8,CollgCr,2001,531
1178,115000.0,113335.97319391918,0.014575379134306843,1224,2042,6,OldTown,1926,210
1284,139000.0,137004.86805336026,0.014457369932300068,1824,2736,6,Mitchel,1971,0
1067,178000.0,175478.08683274421,0.014269295794614223,1571,2370,6,Gilbert,1993,380
1008,88000.0,86762.38969333076,0.014163423083548565,1092,1638,4,MeadowV,1970,286
707,302000.0,297764.45071706583,0.014124230161529638,1824,3467,7,ClearCr,1971,739
314,375000.0,369843.24341210263,0.013846739376440098,2036,4172,7,Timber,1965,513
1154,120500.0,118854.13559838745,0.013752648022506975,816,1632,6,IDOTRR,1930,432
1204,213000.0,210131.9235947649,0.013556560558436459,1630,3260,7,CollgCr,2000,451
664,137500.0,135652.00260907278,0.013531015974596272,1181,2319,4,Edwards,1972,588
43,144000.0,142071.62819789047,0.013481850966989839,884,1724,5,SawyerW,1983,504
1043,196000.0,193376.1668139636,0.013477247184358276,1306,2612,6,NridgHt,2005,624
724,135000.0,133203.08483605657,0.013399761244972552,1470,2411,4,Edwards,1954,548
1228,147000.0,145049.50331615418,0.013357408965935846,912,1824,5,NAmes,1965,576
1194,165000.0,167208.91320912444,0.013298453933026977,1224,2448,6,Mitchel,1999,402
669,168000.0,170248.74244341627,0.013296500447980364,1437,2625,5,Sawyer,1956,576
50,127000.0,128695.27545091191,0.013260213964624512,955,1910,5,Sawyer,1966,386
1347,262500.0,265915.53383026377,0.012927585400413832,2156,3724,7,NWAmes,1968,508
27,134800.0,133070.46485623188,0.012913303190394743,900,1800,5,NAmes,1951,576
268,179500.0,181810.88586949406,0.012791779482919097,2192,2492,5,SWISU,1939,240
286,164700.0,166806.48840143497,0.012708674599355874,1250,1875,7,Somerst,2006,528
45,141000.0,142800.40043879047,0.012687874300127078,1150,2300,5,NAmes,1959,300
785,128000.0,129631.01232034284,0.012661685672082257,1484,2226,6,OldTown,1914,0
396,129000.0,130636.68647880867,0.01260758310236021,1144,2288,5,Edwards,1956,596
361,156000.0,154045.6989412226,0.012606621161623366,912,1800,6,Mitchel,1978,470
928,176000.0,178225.80010336317,0.012567220285662373,1978,2810,7,NWAmes,1968,486
15,157000.0,155047.3778713769,0.01251499123416977,1253,2506,6,NAmes,1960,352
62,101000.0,102268.2485867827,0.012478609661197737,1111,1641,5,IDOTRR,1920,288
728,194500.0,192088.36523130164,0.012476596778066451,1232,2464,7,CollgCr,2007,632
34,165500.0,167576.92740628152,0.012471244226885503,1700,3098,5,NAmes,1959,447
591,185900.0,188225.98977866338,0.012434353008496046,1582,2352,7,CollgCr,2004,520
241,262500.0,265757.8977324435,0.012334606702955497,1566,3132,8,Somerst,2008,750
374,123000.0,124525.24711764343,0.012324028486666805,1319,1927,5,NAmes,1953,270
96,185000.0,182735.30551790446,0.01231707025358908,1470,2150,6,Gilbert,1993,420
197,311872.0,315716.95600251155,0.012253217076663603,1726,3452,7,Somerst,2007,786
1172,163000.0,165008.03460277067,0.012243891812611096,1261,2522,6,NAmes,1958,433
878,350000.0,354305.8749794891,0.012227404462535674,2224,3686,9,NridgHt,2004,738
44,130250.0,131848.0070419051,0.012194023656020292,938,1876,5,CollgCr,1975,308
1226,145000.0,143254.15353490118,0.012113308189954708,1138,1726,6,NAmes,1958,264
25,154000.0,152153.8806123827,0.012060142434107135,1060,2120,5,Sawyer,1968,270
362,145000.0,143297.16598417074,0.011813102631947459,1505,2388,5,BrkSide,1940,240
294,235000.0,237752.22425368984,0.011643493409003725,2263,3058,7,NWAmes,1977,539
795,194500.0,196741.92887288332,0.011460642563232426,1895,2607,7,Gilbert,1994,409
988,395192.0,399744.8076691674,0.011454611111139101,1940,3870,9,NridgHt,2009,606
857,147000.0,145326.23831440244,0.011451373878845317,1026,1966,6,CollgCr,1978,576
422,215000.0,212556.58805198545,0.011429725032158444,1602,3204,6,NWAmes,1977,529
1065,154000.0,152262.80499248582,0.011344520234141342,1154,2308,5,NAmes,1966,480
40,82000.0,82911.33625671727,0.011052417645279533,1152,1152,4,Edwards,1955,0
777,221500.0,223952.4963097487,0.01101132039424435,1614,3228,7,CollgCr,2005,865
466,178740.0,176815.4998497204,0.010825359865281214,1414,2789,7,Blmngtn,2004,398
192,184000.0,185986.44593597378,0.010737984090603447,1479,2204,7,NAmes,1972,484
216,134450.0,135900.06444780907,0.010727333311400855,1236,2306,5,NAmes,1957,447
1290,281000.0,278003.38161653257,0.010721353269296685,1970,3055,8,NridgHt,2006,753
829,185000.0,186990.02781349444,0.010699405627425662,2126,3139,5,ClearCr,1967,538
947,143000.0,141492.278799416,0.01059940693807171,1144,2288,5,NAmes,1959,796
1040,80000.0,79163.97368076496,0.01050518510290921,630,1260,4,MeadowV,1970,286
1163,129000.0,127667.48497869974,0.010383213205500397,894,1788,5,Sawyer,1968,450
97,214000.0,216207.4119421366,0.010262124690568086,1588,3176,7,CollgCr,1999,472
952,119900.0,118688.07729213586,0.010159124343514847,965,1793,5,SawyerW,1965,300
630,168500.0,166800.2617930108,0.010138629890573014,1350,2598,6,NAmes,1964,520
927,285000.0,282139.50625753356,0.01008749304100931,2374,3555,8,NridgHt,2003,656
1048,145000.0,143557.35933667648,0.009999001149877174,990,1980,5,CollgCr,1994,672
879,148000.0,146531.1379965947,0.009974254109032188,1155,2264,5,Sawyer,1961,576
19,159000.0,157430.22036034046,0.009921824747285868,1114,2228,5,SawyerW,2004,576
462,155000.0,153477.34849038313,0.009872063612796467,1135,1695,7,SWISU,1936,576
217,210000.0,207946.918253764,0.009824637273888825,1436,2872,7,CollgCr,2004,484
687,227875.0,225647.41015770932,0.009823540723573387,1761,2635,7,Somerst,2007,578
619,314813.0,311750.15557207796,0.009776696955364983,1828,3650,9,NridgHt,2007,774
838,100000.0,99028.50237703421,0.009762376389391036,987,1470,6,BrDale,1973,264
1283,150500.0,151972.5495180344,0.009736760689829538,1040,2080,5,CollgCr,1977,484
1101,60000.0,60585.45477579795,0.009710120790204613,438,728,2,SWISU,1920,246
814,157900.0,156385.66323503468,0.009636703321827866,1442,2884,6,NAmes,1958,301
1357,110000.0,111057.6085390842,0.009568610163247726,892,1756,5,NAmes,1966,264
424,315000.0,318022.7950499826,0.009550393758194886,2630,4100,8,NoRidge,1998,696
1423,136500.0,137792.9461442291,0.009427484819086729,848,1696,6,CollgCr,2003,420
493,172785.0,174390.76262025803,0.009250443108113515,1456,2184,6,Gilbert,2006,429
1426,142000.0,140717.04768593956,0.009075873246642274,1252,2504,6,NAmes,1959,528
848,133500.0,132293.98724161365,0.009074787376070148,864,1728,5,CollgCr,1972,338
580,131500.0,130314.9957625287,0.009052218522908717,1795,2845,5,OldTown,1954,352
1152,149900.0,151240.363238989,0.00890191652802308,1466,2932,5,Edwards,1959,528
752,162000.0,163434.84194641607,0.008818001276418741,1320,1980,7,Gilbert,2003,400
980,139000.0,140229.4431966315,0.00880596488212504,1121,2242,5,Sawyer,1963,480
581,181900.0,180314.89632151666,0.008752290758136994,1429,2573,6,NAmes,1960,572
247,137000.0,135806.8306161323,0.008747348751283468,1928,2948,6,OldTown,1910,440
523,159000.0,157616.8951184437,0.008736772825042038,1664,2668,6,BrkSide,1947,420
1439,149700.0,148400.95942354953,0.008715437121145087,1236,2148,6,OldTown,1957,923
133,150750.0,152060.86493448543,0.008657975105208493,1327,2390,5,NAmes,1959,624
722,143000.0,141772.8639211933,0.0086183426264963,848,1696,6,CollgCr,2004,420
310,360000.0,363102.5617292231,0.008581278372073342,1944,3840,9,NridgHt,2003,708
51,177000.0,175490.69571599623,0.008563658346560032,1470,2264,6,Gilbert,1997,388
316,188500.0,186898.86339728034,0.00853032833920686,1432,2148,7,Gilbert,2004,432
328,145250.0,144018.60557743363,0.00851384023816415,1383,2766,6,NAmes,1960,292
488,175000.0,176492.05577873567,0.008489843376626283,1484,2968,5,NWAmes,1971,487
972,173000.0,174463.89483017422,0.008426170817717349,1626,2390,7,NridgHt,2003,474
1165,194000.0,192376.2663964217,0.008404940461577581,1432,2792,5,Veenker,1978,588
671,173500.0,174922.89445064022,0.008167627419382484,1476,2214,6,CollgCr,2005,540
836,128000.0,126969.94621508404,0.008079786062316074,1067,2134,4,Sawyer,1950,436
299,175000.0,176409.54992450055,0.008022260419664917,1743,2445,6,NWAmes,1968,539
434,181000.0,179555.1901582941,0.008014360076437299,1604,2530,6,Gilbert,1997,470
1301,225000.0,226774.28811364147,0.007854760343590783,1983,2961,7,Gilbert,1999,490
454,210000.0,208357.58240732457,0.007851743331031003,1590,2358,8,Somerst,2008,676
904,240000.0,241883.34072716098,0.007816591031843956,1670,3340,7,Gilbert,2006,690
237,185500.0,186952.616441992,0.00780027280178075,1414,2828,7,CollgCr,2004,494
957,124000.0,124960.57764804806,0.00771668114748536,1229,1790,6,Blueste,1980,462
1393,123000.0,123952.63039916524,0.007715061854401739,900,1764,5,NAmes,1967,288
606,205000.0,203429.12904792902,0.007692257451267892,1986,2754,7,NAmes,1965,486
1114,134500.0,133488.39618490852,0.007549588599392365,1008,2016,5,NAmes,1953,240
574,170000.0,171281.53437371054,0.007510121456480334,1430,1814,7,Gilbert,2000,400
397,123000.0,123920.67156422591,0.007457199656245805,894,1788,5,CollgCr,1972,600
1267,122000.0,121096.67074357205,0.007431825204033515,1889,2814,7,OldTown,1910,308
873,116000.0,116856.93940044989,0.0073601921506067924,910,1015,5,NAmes,1953,414
302,267000.0,268955.47207138734,0.007297148935961673,2452,3480,8,CollgCr,1998,683
1436,174000.0,172735.56341054814,0.007293367248490057,1537,2856,6,NAmes,1962,462
678,109500.0,110294.97042963991,0.007233711134324139,792,1560,5,OldTown,1924,240
674,257500.0,259356.18299269796,0.007182592957812872,1839,3316,6,Crawfor,1957,416
835,139950.0,138950.2581252735,0.007169150679507297,1144,2288,5,NAmes,1961,456
38,153000.0,151907.16233206197,0.007168314255778796,1297,2594,5,NAmes,1954,498
527,132000.0,131059.57878380721,0.007149848539324211,928,1856,5,NAmes,1956,252
11,129500.0,128581.99739996096,0.0071140131189668665,1040,2080,5,Sawyer,1965,384
799,485000.0,481620.26270328014,0.006992909639608413,3140,5066,9,NridgHt,2008,820
1414,257000.0,255209.16028942648,0.006992612213775118,1844,3688,8,SawyerW,2005,620
783,187100.0,185831.28562832676,0.006804001225400924,1430,2843,7,CollgCr,2001,605
996,121600.0,122429.87719092204,0.006801409714107365,1230,1977,4,BrkSide,1946,305
552,112500.0,113267.28575575752,0.006797104462433978,928,1856,5,OldTown,1957,288
306,305900.0,303842.00687109353,0.0067503769467993635,2000,4000,8,CollgCr,2004,888
788,233000.0,231452.63628278484,0.00666316716981008,2084,3040,7,SawyerW,2004,618
1206,271900.0,273716.5750503596,0.006658797356262625,2196,4354,7,SawyerW,1990,701
984,255900.0,254221.60593914223,0.00658036639625692,2290,3418,8,CollgCr,2002,779
612,148000.0,148968.27469430436,0.006521044077846483,1032,2064,6,NWAmes,1978,564
994,173900.0,172784.00989801408,0.006438067443262696,1500,2250,6,CollgCr,2005,564
83,245000.0,246562.25973566994,0.006356300177097651,1563,3126,8,Somerst,2007,758
818,271000.0,272716.1003081483,0.006312484376339356,1689,3257,8,Mitchel,2002,857
755,156000.0,155018.99820274988,0.00630828822570173,1026,2052,6,NAmes,1969,440
109,115000.0,115714.23363873849,0.0061914665397164725,1517,2310,5,IDOTRR,1919,0
1460,147500.0,146603.60005650477,0.006095788173166028,1256,2512,5,Edwards,1965,276
1053,165000.0,165997.37906864303,0.006026489173862615,1977,2793,6,NAmes,1964,540
1365,144152.0,145019.64453013169,0.006000872833560322,1200,1720,7,Somerst,2005,480
23,230000.0,231353.9680618674,0.005869532607237105,1795,3572,8,CollgCr,2002,534
1277,162000.0,162933.14606023108,0.005743599218703821,1395,2118,6,NWAmes,1972,497
1259,190000.0,191084.75213216557,0.005692956030651786,1166,2022,7,Gilbert,2005,400
1037,315500.0,317296.3734294352,0.005677569128927473,1620,3240,9,Timber,2007,912
380,179000.0,178008.14398047593,0.005556472767839438,1800,2782,6,Gilbert,2000,463
1072,154000.0,153171.7105893396,0.005392983771862703,1556,2283,6,NWAmes,1968,441
295,167000.0,167901.48592608608,0.005383569543282007,1644,3060,6,NAmes,1953,418
494,155000.0,154180.2852818758,0.005302481272423165,1269,2538,5,NAmes,1960,308
86,260000.0,258645.8148522051,0.005221995297439719,2417,3705,8,NoRidge,1991,462
1192,174000.0,173104.97790104523,0.005157050359352766,1441,2217,8,Somerst,1999,492
586,369900.0,368062.5921501309,0.004979674272414414,2028,3896,8,Timber,2005,880
597,114504.0,113938.19658391504,0.004953547356436161,1368,2052,6,OldTown,1910,216
317,260000.0,258718.90729685486,0.004939439647811739,2353,3198,7,NWAmes,1980,484
1320,111000.0,111544.0977935433,0.004889763361770605,948,1812,4,Edwards,1954,248
1340,128500.0,129125.1583517258,0.0048532117715325285,864,1728,5,CollgCr,1972,288
271,266000.0,264719.65483086044,0.004824930889286705,1939,3034,8,Somerst,2006,1053
1024,191000.0,190131.26866486965,0.004558682807413561,1504,2850,7,Blmngtn,2005,437
548,129500.0,128911.42304194064,0.004555320454523226,768,1536,5,Mitchel,1970,624
895,118858.0,119372.89273600525,0.004322606604146628,1535,1535,5,SawyerW,1979,400
963,155000.0,155668.33086526842,0.004302515109170457,1548,2352,6,NPkVill,1976,440
267,185000.0,184206.21959038504,0.004299913114227394,1511,2313,6,Gilbert,1997,413
253,173000.0,173736.85094836843,0.004250184572990534,1640,2438,6,SawyerW,2004,520
1306,325000.0,323623.07567617064,0.004245677337520348,1652,3304,9,NridgHt,2006,840
1377,91000.0,91386.91184964566,0.004242718771781284,790,1558,6,SWISU,1930,160
69,80000.0,80337.80900411413,0.004213669780812168,747,1494,4,OldTown,1945,220
734,131400.0,130857.93500161439,0.0041338054194071105,1144,2008,5,Sawyer,1961,264
1383,157000.0,156367.271249288,0.004038236474389834,1762,2358,7,OldTown,1920,576
965,214900.0,214040.38588174758,0.004008068669948628,1894,2711,7,Timber,2002,510
528,446261.0,448010.41266803996,0.003912483307354719,2713,4165,9,NridgHt,2008,858
1188,262000.0,261014.20947725902,0.003769641063637863,1624,3248,8,NoRidge,1994,757
1257,301500.0,302636.5525518455,0.003762560385789371,1987,3973,8,NoRidge,1994,691
542,248000.0,248907.83106812014,0.0036539107153945594,2285,3254,8,NoRidge,2000,648
1083,192000.0,191317.97260639985,0.0035585315770543247,1459,2918,7,CollgCr,2002,527
170,228000.0,228808.45884499256,0.0035395848471253544,1707,3393,8,Timber,1981,511
403,108000.0,107621.5861043054,0.0035099526079580556,672,1344,5,Sawyer,1940,240
700,196000.0,195349.4143191105,0.003324818852856737,1391,2782,7,Somerst,2004,530
84,126500.0,126919.74615457153,0.0033126323591581297,1065,2130,5,NAmes,1960,461
978,199900.0,200534.05433488014,0.0031668220576772654,1241,2482,7,Somerst,2006,569
1355,235000.0,235745.27877189405,0.0031663672980180024,1865,2857,7,CollgCr,2000,839
1134,239500.0,238742.9208732279,0.003166075482015529,2020,3148,8,SawyerW,1995,466
911,154300.0,154786.47696200598,0.003147819475422864,2274,3379,5,NAmes,1960,480
935,242000.0,242731.44096142164,0.0030179123401179453,2069,2654,7,NAmes,1960,505
930,222000.0,221371.85084724252,0.002833498510685928,2236,3200,7,Gilbert,1997,642
761,127500.0,127156.68078975519,0.002696310349028508,864,1728,6,NAmes,1959,300
1398,137500.0,137150.63657017943,0.0025440397923048863,1513,2452,5,BrkSide,1920,180
1167,245350.0,244728.30863578327,0.0025371013147896804,1694,3388,8,CollgCr,2008,776
392,215000.0,214463.49289865812,0.0024984888858643473,1961,2765,6,Mitchel,2001,560
567,325000.0,324228.84051558515,0.002375610642506132,2504,3626,9,StoneBr,2005,656
131,226000.0,225485.0960113895,0.0022809254855644667,2157,3081,7,NAmes,1966,487
305,295000.0,294354.2013817717,0.002191540108297474,3493,4963,7,OldTown,1880,870
699,138500.0,138800.6572854966,0.0021684422807251025,894,1788,5,Sawyer,1965,336
1209,140000.0,139706.40596005658,0.002099287268526595,1283,2214,5,NAmes,1962,506
1374,466500.0,465529.55742359627,0.002082425041013636,2633,5266,10,NoRidge,2001,804
776,162000.0,162332.06688269338,0.002047684980581721,1204,2408,6,Mitchel,1998,412
85,168500.0,168157.75043306442,0.002033208213328308,1474,1858,7,Gilbert,1995,400
598,194201.0,194557.07013318044,0.001831825128681075,1402,2660,7,Blmngtn,2006,648
343,87500.0,87650.37121611087,0.0017170335977816364,1040,1040,3,NAmes,1949,400
437,116000.0,115801.93385148824,0.0017089114358270763,1118,1766,6,OldTown,1920,440
757,212000.0,212349.14062542393,0.0016455273512008262,1768,2634,8,CollgCr,2007,578
903,180000.0,180282.74980934116,0.0015695910944870661,1509,2292,7,Gilbert,2003,393
298,239000.0,238684.9222588099,0.0013191811297357248,1950,2925,7,Somerst,1997,576
705,213000.0,213280.5091517216,0.0013160717889526552,1484,2957,7,CollgCr,2004,606
900,135000.0,135171.0625308831,0.0012663183526875343,1236,2148,5,Sawyer,1961,288
1039,97000.0,96907.95989519989,0.0009493077277920037,1344,1890,4,MeadowV,1970,0
820,224000.0,224200.44670490746,0.0008944472291254613,1358,2716,7,NridgHt,2009,484
300,158500.0,158641.43874764006,0.0008919544895888976,1152,2244,6,Crawfor,1950,300
230,192500.0,192665.64184338728,0.000860102644168137,1555,2928,7,Blmngtn,2005,430
1193,125000.0,124901.63933727975,0.0007871887585171322,1472,2174,5,OldTown,1925,250
213,252678.0,252491.28484992625,0.0007392152490695025,1852,2752,7,Somerst,2009,644
573,224500.0,224627.2802683218,0.0005667867908911717,1692,2538,7,Timber,2009,650
955,127500.0,127572.2131201177,0.0005662126419103686,980,1925,6,Edwards,1975,0
261,176000.0,175903.11779731786,0.0005506154939514118,1382,2744,6,NAmes,1962,884
1157,179900.0,179988.72296922025,0.0004930550600779071,1265,2484,5,NAmes,1965,502
156,79000.0,79035.98003956201,0.0004553340934201344,1096,1668,6,Edwards,1924,0
846,171000.0,171070.49636000456,0.0004121720498009296,1701,3091,5,Sawyer,1975,611
1096,176432.0,176501.05617389613,0.0003913251096445691,1314,2628,6,CollgCr,2006,440
137,143000.0,143052.70532179566,0.00036849820269679867,1214,2428,5,NAmes,1967,318
1236,138887.0,138934.98703212448,0.0003454491681171845,1784,2531,5,Crawfor,1914,180
157,109500.0,109480.43768979693,0.00017866556296830538,1040,1040,5,NAmes,1950,625
657,145500.0,145484.14503383636,0.00010897402814613599,1053,2106,5,NAmes,1959,312
1244,465000.0,464980.91083176027,4.1052729077506456e-05,2076,4152,10,NridgHt,2006,850
448,199900.0,199902.73329400877,1.3673144819037475e-05,1886,2816,7,Gilbert,1998,431
937,184900.0,184899.19934188615,4.330208312808281e-06,1200,2376,7,SawyerW,2003,555
